mysqldump: [Warning] Using a password on the command line interface can be insecure.
-- MySQL dump 10.13  Distrib 8.0.44, for Linux (x86_64)
--
-- Host: localhost    Database: gestion_transporte_umsa
-- ------------------------------------------------------
-- Server version	8.0.44-0ubuntu0.24.04.1

/*!40101 SET @OLD_CHARACTER_SET_CLIENT=@@CHARACTER_SET_CLIENT */;
/*!40101 SET @OLD_CHARACTER_SET_RESULTS=@@CHARACTER_SET_RESULTS */;
/*!40101 SET @OLD_COLLATION_CONNECTION=@@COLLATION_CONNECTION */;
/*!50503 SET NAMES utf8mb4 */;
/*!40103 SET @OLD_TIME_ZONE=@@TIME_ZONE */;
/*!40103 SET TIME_ZONE='+00:00' */;
/*!40014 SET @OLD_UNIQUE_CHECKS=@@UNIQUE_CHECKS, UNIQUE_CHECKS=0 */;
/*!40014 SET @OLD_FOREIGN_KEY_CHECKS=@@FOREIGN_KEY_CHECKS, FOREIGN_KEY_CHECKS=0 */;
/*!40101 SET @OLD_SQL_MODE=@@SQL_MODE, SQL_MODE='NO_AUTO_VALUE_ON_ZERO' */;
/*!40111 SET @OLD_SQL_NOTES=@@SQL_NOTES, SQL_NOTES=0 */;

--
-- Table structure for table `asignaciones`
--

DROP TABLE IF EXISTS `asignaciones`;
/*!40101 SET @saved_cs_client     = @@character_set_client */;
/*!50503 SET character_set_client = utf8mb4 */;
CREATE TABLE `asignaciones` (
  `id` int NOT NULL AUTO_INCREMENT,
  `conductor_id` int NOT NULL,
  `vehiculo_id` int NOT NULL,
  `fecha_asignacion` date NOT NULL,
  `fecha_fin` date DEFAULT NULL,
  `activa` tinyint(1) DEFAULT '1',
  `asignado_por` int NOT NULL,
  `creado_en` timestamp NULL DEFAULT CURRENT_TIMESTAMP,
  PRIMARY KEY (`id`),
  KEY `conductor_id` (`conductor_id`),
  KEY `vehiculo_id` (`vehiculo_id`),
  KEY `asignado_por` (`asignado_por`),
  CONSTRAINT `asignaciones_ibfk_1` FOREIGN KEY (`conductor_id`) REFERENCES `conductores` (`id`),
  CONSTRAINT `asignaciones_ibfk_2` FOREIGN KEY (`vehiculo_id`) REFERENCES `vehiculos` (`id`),
  CONSTRAINT `asignaciones_ibfk_3` FOREIGN KEY (`asignado_por`) REFERENCES `usuarios` (`id`)
) ENGINE=InnoDB DEFAULT CHARSET=utf8mb4 COLLATE=utf8mb4_unicode_ci;
/*!40101 SET character_set_client = @saved_cs_client */;

--
-- Dumping data for table `asignaciones`
--

LOCK TABLES `asignaciones` WRITE;
/*!40000 ALTER TABLE `asignaciones` DISABLE KEYS */;
/*!40000 ALTER TABLE `asignaciones` ENABLE KEYS */;
UNLOCK TABLES;

--
-- Table structure for table `auditoria_sistema`
--

DROP TABLE IF EXISTS `auditoria_sistema`;
/*!40101 SET @saved_cs_client     = @@character_set_client */;
/*!50503 SET character_set_client = utf8mb4 */;
CREATE TABLE `auditoria_sistema` (
  `id` int NOT NULL AUTO_INCREMENT,
  `usuario_id` int DEFAULT NULL,
  `accion` varchar(100) COLLATE utf8mb4_unicode_ci NOT NULL,
  `tabla_afectada` varchar(50) COLLATE utf8mb4_unicode_ci DEFAULT NULL,
  `registro_id` int DEFAULT NULL,
  `datos_anteriores` json DEFAULT NULL,
  `datos_nuevos` json DEFAULT NULL,
  `ip_address` varchar(45) COLLATE utf8mb4_unicode_ci DEFAULT NULL,
  `creado_en` timestamp NULL DEFAULT CURRENT_TIMESTAMP,
  PRIMARY KEY (`id`),
  KEY `usuario_id` (`usuario_id`),
  CONSTRAINT `auditoria_sistema_ibfk_1` FOREIGN KEY (`usuario_id`) REFERENCES `usuarios` (`id`)
) ENGINE=InnoDB AUTO_INCREMENT=218 DEFAULT CHARSET=utf8mb4 COLLATE=utf8mb4_unicode_ci;
/*!40101 SET character_set_client = @saved_cs_client */;

--
-- Dumping data for table `auditoria_sistema`
--

LOCK TABLES `auditoria_sistema` WRITE;
/*!40000 ALTER TABLE `auditoria_sistema` DISABLE KEYS */;
INSERT INTO `auditoria_sistema` VALUES (1,1,'LOGIN_EXITOSO','usuarios',1,NULL,'{\"ultimo_login\": \"2025-11-17T01:32:57.336Z\"}',NULL,'2025-11-17 01:32:57'),(2,1,'LOGIN_EXITOSO','usuarios',1,NULL,'{\"ultimo_login\": \"2025-11-17T02:42:55.649Z\"}',NULL,'2025-11-17 02:42:55'),(3,1,'GET /api/usuarios?page=1&limit=50','acceso_sistema',NULL,NULL,NULL,'127.0.0.1','2025-11-17 02:53:54'),(4,1,'GET /api/usuarios?page=1&limit=50','acceso_sistema',NULL,NULL,NULL,'127.0.0.1','2025-11-17 02:53:59'),(5,1,'GET /api/usuarios?page=1&limit=50','acceso_sistema',NULL,NULL,NULL,'127.0.0.1','2025-11-17 02:54:23'),(6,1,'GET /api/usuarios?page=1&limit=50','acceso_sistema',NULL,NULL,NULL,'127.0.0.1','2025-11-17 02:55:18'),(7,1,'LOGIN_EXITOSO','usuarios',1,NULL,'{\"ultimo_login\": \"2025-11-18T19:42:04.887Z\"}',NULL,'2025-11-18 19:42:04'),(8,1,'GET /api/usuarios?page=1&limit=50','acceso_sistema',NULL,NULL,NULL,'127.0.0.1','2025-11-18 19:42:18'),(9,1,'GET /api/usuarios?page=1&limit=50','acceso_sistema',NULL,NULL,NULL,'127.0.0.1','2025-11-18 19:44:18'),(10,1,'GET /api/usuarios?page=1&limit=50','acceso_sistema',NULL,NULL,NULL,'127.0.0.1','2025-11-18 19:44:20'),(11,1,'LOGIN_EXITOSO','usuarios',1,NULL,'{\"ultimo_login\": \"2025-11-25T23:27:26.313Z\"}',NULL,'2025-11-25 23:27:26'),(12,1,'GET /api/usuarios?pagina=1&limite=50','acceso_sistema',NULL,NULL,NULL,'127.0.0.1','2025-11-25 23:27:41'),(13,1,'LOGIN_EXITOSO','usuarios',1,NULL,'{\"ultimo_login\": \"2025-11-25T23:38:38.741Z\"}',NULL,'2025-11-25 23:38:38'),(14,1,'GET /api/usuarios?pagina=1&limite=50','acceso_sistema',NULL,NULL,NULL,'127.0.0.1','2025-11-25 23:38:43'),(15,1,'LOGIN_EXITOSO','usuarios',1,NULL,'{\"ultimo_login\": \"2025-11-25T23:46:13.003Z\"}',NULL,'2025-11-25 23:46:13'),(16,1,'GET /api/usuarios/roles','acceso_sistema',NULL,NULL,NULL,'127.0.0.1','2025-11-25 23:46:13'),(17,1,'GET /api/usuarios?pagina=1&limite=10','acceso_sistema',NULL,NULL,NULL,'127.0.0.1','2025-11-25 23:46:13'),(18,1,'LOGIN_EXITOSO','usuarios',1,NULL,'{\"ultimo_login\": \"2025-11-25T23:47:53.894Z\"}',NULL,'2025-11-25 23:47:53'),(19,1,'GET /api/usuarios/roles','acceso_sistema',NULL,NULL,NULL,'127.0.0.1','2025-11-25 23:47:53'),(20,1,'GET /api/usuarios?pagina=1&limite=10','acceso_sistema',NULL,NULL,NULL,'127.0.0.1','2025-11-25 23:47:54'),(21,1,'LOGIN_EXITOSO','usuarios',1,NULL,'{\"ultimo_login\": \"2025-11-25T23:48:02.410Z\"}',NULL,'2025-11-25 23:48:02'),(22,1,'LOGIN_EXITOSO','usuarios',1,NULL,'{\"ultimo_login\": \"2025-11-25T23:48:13.458Z\"}',NULL,'2025-11-25 23:48:13'),(23,1,'GET /api/usuarios/roles','acceso_sistema',NULL,NULL,NULL,'127.0.0.1','2025-11-25 23:48:13'),(24,1,'GET /api/usuarios?pagina=1&limite=10','acceso_sistema',NULL,NULL,NULL,'127.0.0.1','2025-11-25 23:48:13'),(25,1,'LOGIN_EXITOSO','usuarios',1,NULL,'{\"ultimo_login\": \"2025-11-25T23:53:57.797Z\"}',NULL,'2025-11-25 23:53:57'),(26,1,'GET /api/usuarios?pagina=1&limite=50','acceso_sistema',NULL,NULL,NULL,'127.0.0.1','2025-11-25 23:54:00'),(27,1,'LOGIN_EXITOSO','usuarios',1,NULL,'{\"ultimo_login\": \"2025-11-26T00:02:12.945Z\"}',NULL,'2025-11-26 00:02:12'),(28,1,'GET /api/usuarios?pagina=1&limite=10','acceso_sistema',NULL,NULL,NULL,'127.0.0.1','2025-11-26 00:02:13'),(29,1,'GET /api/usuarios?pagina=1&limite=50','acceso_sistema',NULL,NULL,NULL,'127.0.0.1','2025-11-26 00:02:26'),(30,1,'GET /api/usuarios?pagina=1&limite=50','acceso_sistema',NULL,NULL,NULL,'127.0.0.1','2025-11-26 00:02:26'),(31,1,'GET /api/usuarios?pagina=1&limite=50','acceso_sistema',NULL,NULL,NULL,'127.0.0.1','2025-11-26 00:02:28'),(32,1,'GET /api/usuarios?pagina=1&limite=50','acceso_sistema',NULL,NULL,NULL,'127.0.0.1','2025-11-26 00:02:28'),(33,1,'GET /api/usuarios?pagina=1&limite=10','acceso_sistema',NULL,NULL,NULL,'127.0.0.1','2025-11-26 00:07:14'),(34,1,'GET /api/usuarios?pagina=1&limite=10','acceso_sistema',NULL,NULL,NULL,'127.0.0.1','2025-11-26 00:07:14'),(35,1,'LOGIN_EXITOSO','usuarios',1,NULL,'{\"ultimo_login\": \"2025-11-26T00:07:17.954Z\"}',NULL,'2025-11-26 00:07:17'),(36,1,'POST /api/usuarios','acceso_sistema',NULL,NULL,NULL,'127.0.0.1','2025-11-26 00:07:18'),(38,1,'GET /api/usuarios?pagina=1&limite=5','acceso_sistema',NULL,NULL,NULL,'127.0.0.1','2025-11-26 00:07:18'),(39,1,'GET /api/usuarios?pagina=1&limite=10','acceso_sistema',NULL,NULL,NULL,'127.0.0.1','2025-11-26 00:12:47'),(40,1,'GET /api/usuarios?pagina=1&limite=10','acceso_sistema',NULL,NULL,NULL,'127.0.0.1','2025-11-26 00:12:47'),(41,1,'PUT /api/usuarios/1/desactivar','acceso_sistema',NULL,NULL,NULL,'127.0.0.1','2025-11-26 00:12:51'),(42,1,'DELETE /api/usuarios/3','acceso_sistema',NULL,NULL,NULL,'127.0.0.1','2025-11-26 00:13:45'),(44,1,'GET /api/usuarios?pagina=1&limite=10','acceso_sistema',NULL,NULL,NULL,'127.0.0.1','2025-11-26 00:13:53'),(45,1,'GET /api/usuarios?pagina=1&limite=10','acceso_sistema',NULL,NULL,NULL,'127.0.0.1','2025-11-26 00:13:53'),(46,1,'GET /api/usuarios?pagina=1&limite=10','acceso_sistema',NULL,NULL,NULL,'127.0.0.1','2025-11-26 00:14:13'),(47,1,'GET /api/usuarios?pagina=1&limite=10','acceso_sistema',NULL,NULL,NULL,'127.0.0.1','2025-11-26 00:14:13'),(48,1,'PUT /api/usuarios/1/desactivar','acceso_sistema',NULL,NULL,NULL,'127.0.0.1','2025-11-26 00:14:16'),(49,1,'GET /api/usuarios?pagina=1&limite=10','acceso_sistema',NULL,NULL,NULL,'127.0.0.1','2025-11-26 00:14:24'),(50,1,'GET /api/usuarios?pagina=1&limite=10','acceso_sistema',NULL,NULL,NULL,'127.0.0.1','2025-11-26 00:14:24'),(51,1,'GET /api/usuarios?pagina=1&limite=10','acceso_sistema',NULL,NULL,NULL,'127.0.0.1','2025-11-26 00:15:17'),(52,1,'GET /api/usuarios?pagina=1&limite=10','acceso_sistema',NULL,NULL,NULL,'127.0.0.1','2025-11-26 00:15:17'),(53,1,'GET /api/usuarios/roles','acceso_sistema',NULL,NULL,NULL,'127.0.0.1','2025-11-26 00:15:35'),(54,1,'POST /api/usuarios','acceso_sistema',NULL,NULL,NULL,'127.0.0.1','2025-11-26 00:15:42'),(55,8,'CREACION_USUARIO','usuarios',8,NULL,'{\"email\": \"yhorelyharedalvareza@gmail.com\", \"rol_id\": \"2\", \"nombres\": \"Nancy\", \"apellidos\": \"Alvarez\"}',NULL,'2025-11-26 00:15:42'),(56,1,'GET /api/usuarios?pagina=1&limite=10','acceso_sistema',NULL,NULL,NULL,'127.0.0.1','2025-11-26 00:16:30'),(57,1,'GET /api/usuarios?pagina=1&limite=10','acceso_sistema',NULL,NULL,NULL,'127.0.0.1','2025-11-26 00:16:30'),(58,1,'GET /api/usuarios/roles','acceso_sistema',NULL,NULL,NULL,'127.0.0.1','2025-11-26 00:16:40'),(59,1,'GET /api/usuarios/roles','acceso_sistema',NULL,NULL,NULL,'127.0.0.1','2025-11-26 00:16:44'),(60,1,'GET /api/usuarios/roles','acceso_sistema',NULL,NULL,NULL,'127.0.0.1','2025-11-26 00:16:45'),(61,1,'GET /api/usuarios?pagina=1&limite=10','acceso_sistema',NULL,NULL,NULL,'127.0.0.1','2025-11-26 00:19:13'),(62,1,'GET /api/usuarios?pagina=1&limite=10','acceso_sistema',NULL,NULL,NULL,'127.0.0.1','2025-11-26 00:19:13'),(63,1,'GET /api/usuarios?pagina=1&limite=10','acceso_sistema',NULL,NULL,NULL,'127.0.0.1','2025-11-26 00:19:14'),(64,1,'GET /api/usuarios?pagina=1&limite=10','acceso_sistema',NULL,NULL,NULL,'127.0.0.1','2025-11-26 00:19:14'),(65,1,'GET /api/usuarios?pagina=1&limite=10','acceso_sistema',NULL,NULL,NULL,'127.0.0.1','2025-11-26 00:19:22'),(66,1,'GET /api/usuarios?pagina=1&limite=10','acceso_sistema',NULL,NULL,NULL,'127.0.0.1','2025-11-26 00:19:48'),(67,1,'GET /api/usuarios?pagina=1&limite=10','acceso_sistema',NULL,NULL,NULL,'127.0.0.1','2025-11-26 00:19:48'),(68,1,'GET /api/usuarios?pagina=1&limite=10','acceso_sistema',NULL,NULL,NULL,'127.0.0.1','2025-11-26 00:20:06'),(69,1,'GET /api/usuarios?pagina=1&limite=10','acceso_sistema',NULL,NULL,NULL,'127.0.0.1','2025-11-26 00:20:06'),(70,1,'GET /api/usuarios?pagina=1&limite=10','acceso_sistema',NULL,NULL,NULL,'127.0.0.1','2025-11-26 00:20:09'),(71,1,'GET /api/usuarios?pagina=1&limite=10','acceso_sistema',NULL,NULL,NULL,'127.0.0.1','2025-11-26 00:20:48'),(72,1,'GET /api/usuarios?pagina=1&limite=10','acceso_sistema',NULL,NULL,NULL,'127.0.0.1','2025-11-26 00:20:48'),(73,1,'GET /api/usuarios?pagina=1&limite=10','acceso_sistema',NULL,NULL,NULL,'127.0.0.1','2025-11-26 00:21:06'),(74,1,'GET /api/usuarios?pagina=1&limite=10','acceso_sistema',NULL,NULL,NULL,'127.0.0.1','2025-11-26 00:21:11'),(75,1,'GET /api/usuarios?pagina=1&limite=10','acceso_sistema',NULL,NULL,NULL,'127.0.0.1','2025-11-26 00:21:15'),(76,1,'GET /api/usuarios?pagina=1&limite=10','acceso_sistema',NULL,NULL,NULL,'127.0.0.1','2025-11-26 00:21:28'),(77,1,'GET /api/usuarios?pagina=1&limite=10','acceso_sistema',NULL,NULL,NULL,'127.0.0.1','2025-11-26 00:21:33'),(78,1,'GET /api/usuarios/roles','acceso_sistema',NULL,NULL,NULL,'127.0.0.1','2025-11-26 00:21:34'),(79,1,'GET /api/usuarios?pagina=1&limite=10','acceso_sistema',NULL,NULL,NULL,'127.0.0.1','2025-11-26 00:21:37'),(80,1,'GET /api/usuarios?pagina=1&limite=10','acceso_sistema',NULL,NULL,NULL,'127.0.0.1','2025-11-26 00:21:37'),(81,1,'GET /api/usuarios?pagina=1&limite=10','acceso_sistema',NULL,NULL,NULL,'127.0.0.1','2025-11-26 00:22:14'),(82,1,'GET /api/usuarios?pagina=1&limite=10','acceso_sistema',NULL,NULL,NULL,'127.0.0.1','2025-11-26 00:22:17'),(83,1,'LOGIN_EXITOSO','usuarios',1,NULL,'{\"ultimo_login\": \"2025-11-26T00:41:35.744Z\"}',NULL,'2025-11-26 00:41:35'),(84,1,'LOGIN_EXITOSO','usuarios',1,NULL,'{\"ultimo_login\": \"2025-11-26T00:41:51.110Z\"}',NULL,'2025-11-26 00:41:51'),(85,1,'LOGIN_EXITOSO','usuarios',1,NULL,'{\"ultimo_login\": \"2025-11-26T00:42:00.422Z\"}',NULL,'2025-11-26 00:42:00'),(86,NULL,'CREACION_ITEM_INVENTARIO','items_inventario',5,NULL,'{\"nombre\": \"dfvgbhn\", \"categoria_id\": 3, \"stock_actual\": 3}',NULL,'2025-11-26 01:26:28'),(87,1,'LOGIN_EXITOSO','usuarios',1,NULL,'{\"ultimo_login\": \"2025-11-28T05:02:42.406Z\"}',NULL,'2025-11-28 05:02:42'),(89,1,'LOGIN_EXITOSO','usuarios',1,NULL,'{\"ultimo_login\": \"2025-11-28T13:06:49.601Z\"}',NULL,'2025-11-28 13:06:49'),(90,2,'LOGIN_EXITOSO','usuarios',2,NULL,'{\"ultimo_login\": \"2025-11-28T13:10:10.595Z\"}',NULL,'2025-11-28 13:10:10'),(91,1,'LOGIN_EXITOSO','usuarios',1,NULL,'{\"ultimo_login\": \"2025-11-28T13:28:50.846Z\"}',NULL,'2025-11-28 13:28:50'),(92,1,'LOGIN_EXITOSO','usuarios',1,NULL,'{\"ultimo_login\": \"2025-12-03T14:37:41.853Z\"}',NULL,'2025-12-03 14:37:41'),(93,1,'LOGIN_EXITOSO','usuarios',1,NULL,'{\"ultimo_login\": \"2025-12-03T15:12:41.118Z\"}',NULL,'2025-12-03 15:12:41'),(94,1,'LOGIN_EXITOSO','usuarios',1,NULL,'{\"ultimo_login\": \"2025-12-03T15:14:22.145Z\"}',NULL,'2025-12-03 15:14:22'),(95,NULL,'ACTUALIZACION_VEHICULO','vehiculos',3,'{\"id\": 3, \"anio\": 2020, \"color\": \"Gris\", \"marca\": \"Nissan\", \"placa\": \"UMSA-003\", \"estado\": \"EN_REPARACION\", \"modelo\": \"Urvan\", \"capacidad\": 12, \"creado_en\": \"2025-11-15T23:11:18.000Z\", \"tipo_combustible\": \"GASOLINA\", \"kilometraje_actual\": \"0.00\"}','{\"año\": 2020, \"color\": \"Gris\", \"marca\": \"Nissan\", \"placa\": \"UMSA-003\", \"estado\": \"EN_USO\", \"modelo\": \"Urvan\", \"capacidad\": 12, \"tipo_combustible\": \"GASOLINA\", \"kilometraje_actual\": \"0.00\"}',NULL,'2025-12-03 15:30:40'),(98,1,'LOGIN_EXITOSO','usuarios',1,NULL,'{\"ultimo_login\": \"2025-12-03T16:01:24.936Z\"}',NULL,'2025-12-03 16:01:24'),(101,1,'LOGIN_EXITOSO','usuarios',1,NULL,'{\"ultimo_login\": \"2025-12-03T17:16:55.000Z\"}',NULL,'2025-12-03 17:16:55'),(102,1,'CREACION_RESERVA','reservas',1,NULL,'{\"estado\": \"PENDIENTE\", \"vehiculo_id\": 1, \"fecha_reserva\": \"2025-12-12\", \"solicitante_id\": 1}',NULL,'2025-12-03 17:25:28'),(105,1,'LOGIN_EXITOSO','usuarios',1,NULL,'{\"ultimo_login\": \"2025-12-03T17:28:03.233Z\"}',NULL,'2025-12-03 17:28:03'),(106,1,'LOGIN_EXITOSO','usuarios',1,NULL,'{\"ultimo_login\": \"2025-12-03T18:11:39.475Z\"}',NULL,'2025-12-03 18:11:39'),(107,1,'LOGIN_EXITOSO','usuarios',1,NULL,'{\"ultimo_login\": \"2025-12-03T18:13:55.289Z\"}',NULL,'2025-12-03 18:13:55'),(108,1,'LOGIN_EXITOSO','usuarios',1,NULL,'{\"ultimo_login\": \"2025-12-03T18:14:07.429Z\"}',NULL,'2025-12-03 18:14:07'),(109,1,'CREACION_RESERVA','reservas',3,NULL,'{\"estado\": \"PENDIENTE\", \"vehiculo_id\": 1, \"fecha_reserva\": \"2025-12-20\", \"solicitante_id\": 1}',NULL,'2025-12-03 18:14:07'),(110,1,'LOGIN_EXITOSO','usuarios',1,NULL,'{\"ultimo_login\": \"2025-12-03T18:16:04.976Z\"}',NULL,'2025-12-03 18:16:04'),(111,1,'LOGIN_EXITOSO','usuarios',1,NULL,'{\"ultimo_login\": \"2025-12-03T18:16:22.985Z\"}',NULL,'2025-12-03 18:16:22'),(112,1,'LOGIN_EXITOSO','usuarios',1,NULL,'{\"ultimo_login\": \"2025-12-03T18:17:25.166Z\"}',NULL,'2025-12-03 18:17:25'),(113,1,'LOGIN_EXITOSO','usuarios',1,NULL,'{\"ultimo_login\": \"2025-12-04T13:37:00.652Z\"}',NULL,'2025-12-04 13:37:00'),(114,1,'CREACION_REPARACION','reparaciones',1,NULL,'{\"estado\": \"RECIBIDO\", \"tecnico_id\": 1, \"vehiculo_id\": 2}',NULL,'2025-12-04 13:48:26'),(115,1,'CREACION_REPARACION','reparaciones',2,NULL,'{\"estado\": \"RECIBIDO\", \"tecnico_id\": 4, \"vehiculo_id\": 1}',NULL,'2025-12-04 13:57:08'),(116,1,'CREACION_REPARACION','reparaciones',3,NULL,'{\"estado\": \"RECIBIDO\", \"tecnico_id\": 4, \"vehiculo_id\": 1}',NULL,'2025-12-04 14:00:43'),(117,1,'CREACION_REPARACION','reparaciones',4,NULL,'{\"estado\": \"RECIBIDO\", \"tecnico_id\": 2, \"vehiculo_id\": 3}',NULL,'2025-12-04 14:01:58'),(118,1,'CREACION_REPARACION','reparaciones',5,NULL,'{\"estado\": \"RECIBIDO\", \"tecnico_id\": 1, \"vehiculo_id\": 2}',NULL,'2025-12-04 14:04:10'),(119,1,'CREACION_REPARACION','reparaciones',6,NULL,'{\"estado\": \"RECIBIDO\", \"tecnico_id\": 1, \"vehiculo_id\": 3}',NULL,'2025-12-04 14:12:06'),(120,1,'CREACION_REPARACION','reparaciones',7,NULL,'{\"estado\": \"RECIBIDO\", \"tecnico_id\": 1, \"vehiculo_id\": 2}',NULL,'2025-12-04 14:14:07'),(121,1,'LOGIN_EXITOSO','usuarios',1,NULL,'{\"ultimo_login\": \"2025-12-04T21:42:16.653Z\"}',NULL,'2025-12-04 21:42:16'),(122,1,'LOGIN_EXITOSO','usuarios',1,NULL,'{\"ultimo_login\": \"2025-12-04T21:43:09.497Z\"}',NULL,'2025-12-04 21:43:09'),(123,1,'CREACION_REPARACION','reparaciones',8,NULL,'{\"estado\": \"RECIBIDO\", \"tecnico_id\": 1, \"vehiculo_id\": 4}',NULL,'2025-12-04 21:49:38'),(126,NULL,'ACTUALIZACION_ITEM_INVENTARIO','items_inventario',2,'{\"id\": 2, \"activo\": 1, \"nombre\": \"Filtro de Aire\", \"codigo_qr\": null, \"creado_en\": \"2025-11-16T00:14:51.000Z\", \"ubicacion\": \"Estante B2\", \"descripcion\": \"Filtro de aire para motor grande\", \"categoria_id\": 2, \"estado_stock\": \"OPTIMO\", \"stock_actual\": 12, \"stock_maximo\": 100, \"stock_minimo\": 3, \"stock_optimo\": true, \"unidad_medida\": \"UNIDAD\", \"categoria_tipo\": \"REPUESTO\", \"precio_unitario\": \"45.00\", \"categoria_nombre\": \"Filtros\", \"necesita_reposicion\": false}','{\"nombre\": \"Filtro de Aire\", \"ubicacion\": \"Estante B2\", \"descripcion\": \"Filtro de aire para motor grande\", \"categoria_id\": 2, \"stock_maximo\": 100, \"stock_minimo\": 3, \"unidad_medida\": \"UNIDAD\", \"precio_unitario\": \"45.00\"}',NULL,'2025-12-04 22:03:29'),(138,9,'DESACTIVACION_USUARIO','usuarios',9,'{\"id\": 9, \"email\": \"yhorel@umsa.edu.bo\", \"activo\": 1, \"rol_id\": 4, \"nombres\": \"Yhared\", \"telefono\": null, \"apellidos\": \"Alvarez\", \"creado_en\": \"2025-12-03T15:36:55.000Z\", \"rol_nombre\": \"SOLICITANTE\", \"departamento\": null, \"nivel_acceso\": 1, \"rol_descripcion\": \"Solicitud de reservas\"}','{\"activo\": false}',NULL,'2025-12-05 01:17:28'),(139,9,'ACTUALIZACION_USUARIO','usuarios',9,'{\"id\": 9, \"email\": \"yhorel@umsa.edu.bo\", \"activo\": 0, \"rol_id\": 4, \"nombres\": \"Yhared\", \"telefono\": null, \"apellidos\": \"Alvarez\", \"creado_en\": \"2025-12-03T15:36:55.000Z\", \"rol_nombre\": \"SOLICITANTE\", \"departamento\": null, \"nivel_acceso\": 1, \"rol_descripcion\": \"Solicitud de reservas\"}','{\"activo\": true}',NULL,'2025-12-05 01:30:52'),(142,NULL,'ACTUALIZACION_VEHICULO','vehiculos',3,'{\"id\": 3, \"anio\": 2020, \"color\": \"Gris\", \"marca\": \"Nissan\", \"placa\": \"UMSA-003\", \"estado\": \"EN_REPARACION\", \"modelo\": \"Urvan\", \"capacidad\": 12, \"creado_en\": \"2025-11-15T23:11:18.000Z\", \"tipo_combustible\": \"GASOLINA\", \"kilometraje_actual\": \"0.00\"}','{\"año\": 2020, \"color\": \"Gris\", \"marca\": \"Nissan\", \"placa\": \"UMSA-003\", \"estado\": \"DISPONIBLE\", \"modelo\": \"Urvan\", \"capacidad\": 12, \"tipo_combustible\": \"GASOLINA\", \"kilometraje_actual\": \"0.00\"}',NULL,'2025-12-05 01:49:46'),(146,11,'CREACION_USUARIO','usuarios',11,NULL,'{\"email\": \"conductor2@umsa.edu.bo\", \"rol_id\": \"3\", \"nombres\": \"Jose Luis \", \"apellidos\": \"Perales \"}',NULL,'2025-12-05 02:17:12'),(149,NULL,'ACTUALIZACION_CONDUCTOR','conductores',1,'{\"id\": 1, \"email\": \"conductor1@umsa.edu.bo\", \"nombres\": \"Roberto\", \"telefono\": \"67083920\", \"apellidos\": \"Gutierrez\", \"creado_en\": \"2025-12-03T16:02:00.000Z\", \"habilitado\": 1, \"usuario_id\": 5, \"departamento\": \"Transporte\", \"licencia_numero\": \"123456\", \"telefono_usuario\": null, \"licencia_categoria\": \"B\", \"licencia_vencimiento\": \"2026-03-06T04:00:00.000Z\", \"licencia_proxima_vencer\": false, \"dias_vencimiento_licencia\": 92}','{\"telefono\": \"67083920\", \"habilitado\": 1, \"licencia_numero\": \"123456\", \"licencia_categoria\": \"B\", \"licencia_vencimiento\": \"2026-01-28\"}',NULL,'2025-12-05 02:18:05'),(150,NULL,'CREACION_CONDUCTOR','conductores',3,NULL,'{\"usuario_id\": \"11\", \"licencia_numero\": \"12345632\", \"licencia_categoria\": \"B\"}',NULL,'2025-12-05 02:18:33'),(151,1,'CREACION_RESERVA','reservas',4,NULL,'{\"estado\": \"PENDIENTE\", \"vehiculo_id\": \"5\", \"fecha_reserva\": \"2025-12-09\", \"solicitante_id\": 1}',NULL,'2025-12-05 02:56:25'),(152,1,'ACTUALIZACION_RESERVA','reservas',4,'{\"id\": 4, \"color\": \"Verde\", \"marca\": \"Test\", \"placa\": \"TEST-999\", \"estado\": \"PENDIENTE\", \"modelo\": \"Model\", \"motivo\": \"TRaslado de autoridades de la universidad \", \"origen\": \"MOnoblock CEntral\", \"destino\": \"Cota cota \", \"hora_fin\": \"17:00:00\", \"capacidad\": 10, \"fecha_fin\": \"2025-12-09T17:00\", \"hora_inicio\": \"08:00:00\", \"vehiculo_id\": 5, \"aprobado_por\": null, \"conductor_id\": 3, \"esta_proxima\": false, \"fecha_inicio\": \"2025-12-09T08:00\", \"fecha_reserva\": \"2025-12-09T04:00:00.000Z\", \"observaciones\": \"observaiones\", \"dias_restantes\": 5, \"duracion_horas\": 9, \"puede_cancelar\": true, \"solicitante_id\": 1, \"conductor_email\": \"conductor2@umsa.edu.bo\", \"fecha_solicitud\": \"2025-12-05T02:56:25.000Z\", \"puede_modificar\": true, \"aprobador_nombre\": null, \"conductor_nombre\": \"11 - Jose Luis  Perales \", \"fecha_aprobacion\": null, \"solicitante_email\": \"admin@umsa.edu.bo\", \"solicitante_nombre\": \"Admin Sistema\", \"requiere_aprobacion\": true, \"historial_aprobacion\": [{\"fecha\": \"2025-12-05T02:56:25.000Z\", \"accion\": \"CREACION_RESERVA\", \"datos_nuevos\": {\"estado\": \"PENDIENTE\", \"vehiculo_id\": \"5\", \"fecha_reserva\": \"2025-12-09\", \"solicitante_id\": 1}, \"usuario_nombre\": \"Admin Sistema\", \"datos_anteriores\": null}], \"solicitante_departamento\": \"TI\"}','{\"marca\": \"Test\", \"placa\": \"TEST-999\", \"estado\": \"PENDIENTE\", \"modelo\": \"Model\", \"motivo\": \"TRaslado de autoridades de la universidad \", \"origen\": \"MOnoblock CEntral\", \"destino\": \"Cota cota \", \"hora_fin\": \"17:00:00\", \"fecha_fin\": \"2025-12-09T17:00\", \"hora_inicio\": \"08:00:00\", \"vehiculo_id\": \"6\", \"conductor_id\": 3, \"esta_proxima\": false, \"fecha_inicio\": \"2025-12-09T08:00\", \"fecha_reserva\": \"2025-12-18\", \"observaciones\": \"observaiones\", \"dias_restantes\": 5, \"puede_cancelar\": true, \"solicitante_id\": 1, \"puede_modificar\": true, \"conductor_nombre\": \"Jose Luis  Perales \", \"solicitante_nombre\": \"Admin Sistema\", \"solicitante_departamento\": \"TI\"}',NULL,'2025-12-05 03:02:13'),(155,1,'CREACION_RESERVA','reservas',6,NULL,'{\"estado\": \"PENDIENTE\", \"vehiculo_id\": \"6\", \"fecha_reserva\": \"2025-12-25\", \"solicitante_id\": 1}',NULL,'2025-12-05 03:12:31'),(156,1,'ACTUALIZACION_RESERVA','reservas',3,'{\"id\": 3, \"color\": \"Blanco\", \"marca\": \"Toyota\", \"placa\": \"UMSA-001\", \"estado\": \"PENDIENTE\", \"modelo\": \"Hiace\", \"motivo\": \"Prueba automática\", \"origen\": \"\", \"destino\": \"Oficina\", \"hora_fin\": \"12:00:00\", \"capacidad\": 15, \"fecha_fin\": \"2025-12-20T12:00\", \"hora_inicio\": \"09:00:00\", \"vehiculo_id\": 1, \"aprobado_por\": null, \"conductor_id\": 1, \"esta_proxima\": false, \"fecha_inicio\": \"2025-12-20T09:00\", \"fecha_reserva\": \"2025-12-20T04:00:00.000Z\", \"nombre_unidad\": \"Sin especificar\", \"observaciones\": \"Creada por test\", \"dias_restantes\": 16, \"duracion_horas\": 3, \"puede_cancelar\": true, \"solicitante_id\": 1, \"conductor_email\": \"conductor1@umsa.edu.bo\", \"fecha_solicitud\": \"2025-12-03T18:14:07.000Z\", \"puede_modificar\": true, \"aprobador_nombre\": null, \"conductor_nombre\": \"5 - Roberto Gutierrez\", \"fecha_aprobacion\": null, \"solicitante_email\": \"admin@umsa.edu.bo\", \"solicitante_nombre\": \"Admin Sistema\", \"requiere_aprobacion\": true, \"historial_aprobacion\": [{\"fecha\": \"2025-12-03T18:14:07.000Z\", \"accion\": \"CREACION_RESERVA\", \"datos_nuevos\": {\"estado\": \"PENDIENTE\", \"vehiculo_id\": 1, \"fecha_reserva\": \"2025-12-20\", \"solicitante_id\": 1}, \"usuario_nombre\": \"Admin Sistema\", \"datos_anteriores\": null}], \"solicitante_departamento\": \"TI\"}','{\"marca\": \"Toyota\", \"placa\": \"UMSA-001\", \"estado\": \"PENDIENTE\", \"modelo\": \"Hiace\", \"motivo\": \"Prueba automática\", \"origen\": \"MOnoblock CEntral\", \"destino\": \"Oficina\", \"hora_fin\": \"12:00:00\", \"fecha_fin\": \"2025-12-20T12:00\", \"hora_inicio\": \"09:00:00\", \"vehiculo_id\": \"3\", \"conductor_id\": 1, \"esta_proxima\": false, \"fecha_inicio\": \"2025-12-20T09:00\", \"fecha_reserva\": \"2025-12-06\", \"nombre_unidad\": \"Sin especificar\", \"observaciones\": \"Creada por test\", \"dias_restantes\": 16, \"puede_cancelar\": true, \"solicitante_id\": 1, \"puede_modificar\": true, \"conductor_nombre\": \"Roberto Gutierrez\", \"conductor_nombres\": \"Roberto\", \"solicitante_nombre\": \"Admin Sistema\", \"conductor_apellidos\": \"Gutierrez\", \"solicitante_departamento\": \"TI\"}',NULL,'2025-12-05 03:18:56'),(157,1,'ACTUALIZACION_RESERVA','reservas',3,'{\"id\": 3, \"color\": \"Gris\", \"marca\": \"Nissan\", \"placa\": \"UMSA-003\", \"estado\": \"PENDIENTE\", \"modelo\": \"Urvan\", \"motivo\": \"Prueba automática\", \"origen\": \"MOnoblock CEntral\", \"destino\": \"Oficina\", \"hora_fin\": \"12:00:00\", \"capacidad\": 12, \"fecha_fin\": \"2025-12-06T12:00\", \"hora_inicio\": \"09:00:00\", \"vehiculo_id\": 3, \"aprobado_por\": null, \"conductor_id\": 1, \"esta_proxima\": true, \"fecha_inicio\": \"2025-12-06T09:00\", \"fecha_reserva\": \"2025-12-06T04:00:00.000Z\", \"nombre_unidad\": \"Sin especificar\", \"observaciones\": \"Creada por test\", \"dias_restantes\": 2, \"duracion_horas\": 3, \"puede_cancelar\": true, \"solicitante_id\": 1, \"conductor_email\": \"conductor1@umsa.edu.bo\", \"fecha_solicitud\": \"2025-12-03T18:14:07.000Z\", \"puede_modificar\": true, \"aprobador_nombre\": null, \"conductor_nombre\": \"5 - Roberto Gutierrez\", \"fecha_aprobacion\": null, \"solicitante_email\": \"admin@umsa.edu.bo\", \"solicitante_nombre\": \"Admin Sistema\", \"requiere_aprobacion\": true, \"historial_aprobacion\": [{\"fecha\": \"2025-12-05T03:18:56.000Z\", \"accion\": \"ACTUALIZACION_RESERVA\", \"datos_nuevos\": {\"marca\": \"Toyota\", \"placa\": \"UMSA-001\", \"estado\": \"PENDIENTE\", \"modelo\": \"Hiace\", \"motivo\": \"Prueba automática\", \"origen\": \"MOnoblock CEntral\", \"destino\": \"Oficina\", \"hora_fin\": \"12:00:00\", \"fecha_fin\": \"2025-12-20T12:00\", \"hora_inicio\": \"09:00:00\", \"vehiculo_id\": \"3\", \"conductor_id\": 1, \"esta_proxima\": false, \"fecha_inicio\": \"2025-12-20T09:00\", \"fecha_reserva\": \"2025-12-06\", \"nombre_unidad\": \"Sin especificar\", \"observaciones\": \"Creada por test\", \"dias_restantes\": 16, \"puede_cancelar\": true, \"solicitante_id\": 1, \"puede_modificar\": true, \"conductor_nombre\": \"Roberto Gutierrez\", \"conductor_nombres\": \"Roberto\", \"solicitante_nombre\": \"Admin Sistema\", \"conductor_apellidos\": \"Gutierrez\", \"solicitante_departamento\": \"TI\"}, \"usuario_nombre\": \"Admin Sistema\", \"datos_anteriores\": {\"id\": 3, \"color\": \"Blanco\", \"marca\": \"Toyota\", \"placa\": \"UMSA-001\", \"estado\": \"PENDIENTE\", \"modelo\": \"Hiace\", \"motivo\": \"Prueba automática\", \"origen\": \"\", \"destino\": \"Oficina\", \"hora_fin\": \"12:00:00\", \"capacidad\": 15, \"fecha_fin\": \"2025-12-20T12:00\", \"hora_inicio\": \"09:00:00\", \"vehiculo_id\": 1, \"aprobado_por\": null, \"conductor_id\": 1, \"esta_proxima\": false, \"fecha_inicio\": \"2025-12-20T09:00\", \"fecha_reserva\": \"2025-12-20T04:00:00.000Z\", \"nombre_unidad\": \"Sin especificar\", \"observaciones\": \"Creada por test\", \"dias_restantes\": 16, \"duracion_horas\": 3, \"puede_cancelar\": true, \"solicitante_id\": 1, \"conductor_email\": \"conductor1@umsa.edu.bo\", \"fecha_solicitud\": \"2025-12-03T18:14:07.000Z\", \"puede_modificar\": true, \"aprobador_nombre\": null, \"conductor_nombre\": \"5 - Roberto Gutierrez\", \"fecha_aprobacion\": null, \"solicitante_email\": \"admin@umsa.edu.bo\", \"solicitante_nombre\": \"Admin Sistema\", \"requiere_aprobacion\": true, \"historial_aprobacion\": [{\"fecha\": \"2025-12-03T18:14:07.000Z\", \"accion\": \"CREACION_RESERVA\", \"datos_nuevos\": {\"estado\": \"PENDIENTE\", \"vehiculo_id\": 1, \"fecha_reserva\": \"2025-12-20\", \"solicitante_id\": 1}, \"usuario_nombre\": \"Admin Sistema\", \"datos_anteriores\": null}], \"solicitante_departamento\": \"TI\"}}, {\"fecha\": \"2025-12-03T18:14:07.000Z\", \"accion\": \"CREACION_RESERVA\", \"datos_nuevos\": {\"estado\": \"PENDIENTE\", \"vehiculo_id\": 1, \"fecha_reserva\": \"2025-12-20\", \"solicitante_id\": 1}, \"usuario_nombre\": \"Admin Sistema\", \"datos_anteriores\": null}], \"solicitante_departamento\": \"TI\"}','{\"marca\": \"Nissan\", \"placa\": \"UMSA-003\", \"estado\": \"APROBADA\", \"modelo\": \"Urvan\", \"motivo\": \"Prueba automática\", \"origen\": \"MOnoblock CEntral\", \"destino\": \"Oficina\", \"hora_fin\": \"12:00:00\", \"fecha_fin\": \"2025-12-06T12:00\", \"hora_inicio\": \"09:00:00\", \"vehiculo_id\": \"7\", \"conductor_id\": \"3\", \"esta_proxima\": true, \"fecha_inicio\": \"2025-12-06T09:00\", \"fecha_reserva\": \"2025-12-06\", \"nombre_unidad\": \"Facultad de ciencias puras y naturales \", \"observaciones\": \"Creada por test\", \"dias_restantes\": 2, \"puede_cancelar\": true, \"solicitante_id\": 1, \"puede_modificar\": true, \"conductor_nombre\": \"Roberto Gutierrez\", \"conductor_nombres\": \"Roberto\", \"solicitante_nombre\": \"Admin Sistema\", \"conductor_apellidos\": \"Gutierrez\", \"solicitante_departamento\": \"TI\"}',NULL,'2025-12-05 03:19:50'),(158,1,'CAMBIO_ESTADO_RESERVA','reservas',3,'{\"estado\": \"APROBADA\"}','{\"estado\": \"COMPLETADA\"}',NULL,'2025-12-05 03:20:01'),(159,1,'CAMBIO_ESTADO_RESERVA','reservas',1,'{\"estado\": \"PENDIENTE\"}','{\"estado\": \"APROBADA\"}',NULL,'2025-12-05 03:20:07'),(160,1,'CAMBIO_ESTADO_RESERVA','reservas',1,'{\"estado\": \"APROBADA\"}','{\"estado\": \"COMPLETADA\"}',NULL,'2025-12-05 03:20:12'),(161,1,'CAMBIO_ESTADO_RESERVA','reservas',2,'{\"estado\": \"PENDIENTE\"}','{\"estado\": \"APROBADA\"}',NULL,'2025-12-05 03:20:27'),(162,NULL,'CREACION_ITEM_INVENTARIO','items_inventario',6,NULL,'{\"nombre\": \"prueba\", \"categoria_id\": 5, \"stock_actual\": 10}',NULL,'2025-12-05 14:34:04'),(163,NULL,'ACTUALIZACION_ITEM_INVENTARIO','items_inventario',6,'{\"id\": 6, \"activo\": 1, \"nombre\": \"prueba\", \"codigo_qr\": \"UMSA-MGP3VKX2C\", \"creado_en\": \"2025-12-05T14:34:04.000Z\", \"ubicacion\": \"Estante A3\", \"descripcion\": \"uno dos y tres \", \"categoria_id\": 5, \"estado_stock\": \"MEDIO\", \"stock_actual\": 10, \"stock_maximo\": 100, \"stock_minimo\": 5, \"stock_optimo\": true, \"unidad_medida\": \"UNIDAD\", \"categoria_tipo\": \"HERRAMIENTA\", \"precio_unitario\": \"1000.00\", \"categoria_nombre\": \"Herramientas\", \"necesita_reposicion\": false}','{\"nombre\": \"prueba\", \"ubicacion\": \"Estante A3\", \"descripcion\": \"uno dos y tres \", \"categoria_id\": 5, \"stock_maximo\": 100, \"stock_minimo\": 5, \"unidad_medida\": \"UNIDAD\", \"precio_unitario\": \"1000.00\"}',NULL,'2025-12-05 14:34:34'),(164,NULL,'ACTUALIZACION_ITEM_INVENTARIO','items_inventario',6,'{\"id\": 6, \"activo\": 1, \"nombre\": \"prueba\", \"codigo_qr\": \"UMSA-MGP3VKX2C\", \"creado_en\": \"2025-12-05T14:34:04.000Z\", \"ubicacion\": \"Estante A3\", \"descripcion\": \"uno dos y tres \", \"categoria_id\": 5, \"estado_stock\": \"MEDIO\", \"stock_actual\": 10, \"stock_maximo\": 100, \"stock_minimo\": 5, \"stock_optimo\": true, \"unidad_medida\": \"UNIDAD\", \"categoria_tipo\": \"HERRAMIENTA\", \"precio_unitario\": \"1000.00\", \"categoria_nombre\": \"Herramientas\", \"necesita_reposicion\": false}','{\"nombre\": \"prueba\", \"ubicacion\": \"Estante A3\", \"descripcion\": \"uno dos y tres \", \"categoria_id\": 5, \"stock_maximo\": 100, \"stock_minimo\": 5, \"unidad_medida\": \"UNIDAD\", \"precio_unitario\": \"1000.00\"}',NULL,'2025-12-05 14:34:45'),(165,NULL,'ACTUALIZACION_ITEM_INVENTARIO','items_inventario',5,'{\"id\": 5, \"activo\": 1, \"nombre\": \"dfvgbhn\", \"codigo_qr\": \"UMSA-ERTY0F0C2\", \"creado_en\": \"2025-11-26T01:26:28.000Z\", \"ubicacion\": \"\", \"descripcion\": \"efdgbnhgwefrg\", \"categoria_id\": 3, \"estado_stock\": \"BAJO\", \"stock_actual\": 3, \"stock_maximo\": 100, \"stock_minimo\": 5, \"stock_optimo\": false, \"unidad_medida\": \"UNIDAD\", \"categoria_tipo\": \"LIMPIEZA\", \"precio_unitario\": null, \"categoria_nombre\": \"Limpieza Externa\", \"necesita_reposicion\": true}','{\"nombre\": \"dfvgbhn\", \"ubicacion\": \"\", \"descripcion\": \"efdgbnhgwefrg\", \"categoria_id\": 3, \"stock_maximo\": 100, \"stock_minimo\": 5, \"unidad_medida\": \"UNIDAD\", \"precio_unitario\": null}',NULL,'2025-12-05 14:36:48'),(166,NULL,'ACTUALIZACION_ITEM_INVENTARIO','items_inventario',5,'{\"id\": 5, \"activo\": 1, \"nombre\": \"dfvgbhn\", \"codigo_qr\": \"UMSA-ERTY0F0C2\", \"creado_en\": \"2025-11-26T01:26:28.000Z\", \"ubicacion\": \"\", \"descripcion\": \"efdgbnhgwefrg\", \"categoria_id\": 3, \"estado_stock\": \"BAJO\", \"stock_actual\": 3, \"stock_maximo\": 100, \"stock_minimo\": 5, \"stock_optimo\": false, \"unidad_medida\": \"UNIDAD\", \"categoria_tipo\": \"LIMPIEZA\", \"precio_unitario\": null, \"categoria_nombre\": \"Limpieza Externa\", \"necesita_reposicion\": true}','{\"nombre\": \"dfvgbhn\", \"ubicacion\": \"\", \"descripcion\": \"efdgbnhgwefrg\", \"categoria_id\": 3, \"stock_maximo\": 100, \"stock_minimo\": 5, \"unidad_medida\": \"UNIDAD\", \"precio_unitario\": null}',NULL,'2025-12-05 14:37:13'),(167,NULL,'ACTUALIZACION_ITEM_INVENTARIO','items_inventario',5,'{\"id\": 5, \"activo\": 1, \"nombre\": \"dfvgbhn\", \"codigo_qr\": \"UMSA-ERTY0F0C2\", \"creado_en\": \"2025-11-26T01:26:28.000Z\", \"ubicacion\": \"\", \"descripcion\": \"efdgbnhgwefrg\", \"categoria_id\": 3, \"estado_stock\": \"BAJO\", \"stock_actual\": 3, \"stock_maximo\": 100, \"stock_minimo\": 5, \"stock_optimo\": false, \"unidad_medida\": \"UNIDAD\", \"categoria_tipo\": \"LIMPIEZA\", \"precio_unitario\": null, \"categoria_nombre\": \"Limpieza Externa\", \"necesita_reposicion\": true}','{\"nombre\": \"dfvgbhn\", \"ubicacion\": \"\", \"descripcion\": \"efdgbnhgwefrg\", \"categoria_id\": 3, \"stock_maximo\": 100, \"stock_minimo\": 5, \"unidad_medida\": \"UNIDAD\", \"precio_unitario\": null}',NULL,'2025-12-05 14:39:23'),(168,NULL,'ACTUALIZACION_ITEM_INVENTARIO','items_inventario',5,'{\"id\": 5, \"activo\": 1, \"nombre\": \"dfvgbhn\", \"codigo_qr\": \"UMSA-ERTY0F0C2\", \"creado_en\": \"2025-11-26T01:26:28.000Z\", \"ubicacion\": \"\", \"descripcion\": \"efdgbnhgwefrg\", \"categoria_id\": 3, \"estado_stock\": \"BAJO\", \"stock_actual\": 3, \"stock_maximo\": 100, \"stock_minimo\": 5, \"stock_optimo\": false, \"unidad_medida\": \"UNIDAD\", \"categoria_tipo\": \"LIMPIEZA\", \"precio_unitario\": null, \"categoria_nombre\": \"Limpieza Externa\", \"necesita_reposicion\": true}','{\"nombre\": \"prueba\", \"ubicacion\": \"\", \"descripcion\": \"efdgbnhgwefrg\", \"categoria_id\": 3, \"stock_maximo\": 100, \"stock_minimo\": 5, \"unidad_medida\": \"UNIDAD\", \"precio_unitario\": null}',NULL,'2025-12-05 14:39:31'),(169,NULL,'ACTUALIZACION_ITEM_INVENTARIO','items_inventario',5,'{\"id\": 5, \"activo\": 1, \"nombre\": \"prueba\", \"codigo_qr\": \"UMSA-ERTY0F0C2\", \"creado_en\": \"2025-11-26T01:26:28.000Z\", \"ubicacion\": \"\", \"descripcion\": \"efdgbnhgwefrg\", \"categoria_id\": 3, \"estado_stock\": \"BAJO\", \"stock_actual\": 3, \"stock_maximo\": 100, \"stock_minimo\": 5, \"stock_optimo\": false, \"unidad_medida\": \"UNIDAD\", \"categoria_tipo\": \"LIMPIEZA\", \"precio_unitario\": null, \"categoria_nombre\": \"Limpieza Externa\", \"necesita_reposicion\": true}','{\"nombre\": \"prueba\", \"ubicacion\": \"\", \"descripcion\": \"efdgbnhgwefrg\", \"categoria_id\": 5, \"stock_maximo\": 100, \"stock_minimo\": 5, \"unidad_medida\": \"UNIDAD\", \"precio_unitario\": null}',NULL,'2025-12-05 14:39:39'),(170,NULL,'ACTUALIZACION_ITEM_INVENTARIO','items_inventario',5,'{\"id\": 5, \"activo\": 1, \"nombre\": \"prueba\", \"codigo_qr\": \"UMSA-ERTY0F0C2\", \"creado_en\": \"2025-11-26T01:26:28.000Z\", \"ubicacion\": \"\", \"descripcion\": \"efdgbnhgwefrg\", \"categoria_id\": 5, \"estado_stock\": \"BAJO\", \"stock_actual\": 3, \"stock_maximo\": 100, \"stock_minimo\": 5, \"stock_optimo\": false, \"unidad_medida\": \"UNIDAD\", \"categoria_tipo\": \"HERRAMIENTA\", \"precio_unitario\": null, \"categoria_nombre\": \"Herramientas\", \"necesita_reposicion\": true}','{\"nombre\": \"prueba\", \"ubicacion\": \"\", \"descripcion\": \"descripcion123\", \"categoria_id\": 5, \"stock_maximo\": 100, \"stock_minimo\": 5, \"unidad_medida\": \"UNIDAD\", \"precio_unitario\": null}',NULL,'2025-12-05 14:39:54'),(171,NULL,'ACTUALIZACION_ITEM_INVENTARIO','items_inventario',5,'{\"id\": 5, \"activo\": 1, \"nombre\": \"prueba\", \"codigo_qr\": \"UMSA-ERTY0F0C2\", \"creado_en\": \"2025-11-26T01:26:28.000Z\", \"ubicacion\": \"\", \"descripcion\": \"descripcion123\", \"categoria_id\": 5, \"estado_stock\": \"BAJO\", \"stock_actual\": 3, \"stock_maximo\": 100, \"stock_minimo\": 5, \"stock_optimo\": false, \"unidad_medida\": \"UNIDAD\", \"categoria_tipo\": \"HERRAMIENTA\", \"precio_unitario\": null, \"categoria_nombre\": \"Herramientas\", \"necesita_reposicion\": true}','{\"nombre\": \"prueba\", \"ubicacion\": \"\", \"descripcion\": \"descripcion123\", \"categoria_id\": 5, \"stock_maximo\": 100, \"stock_minimo\": 3, \"unidad_medida\": \"UNIDAD\", \"precio_unitario\": null}',NULL,'2025-12-05 14:40:07'),(172,NULL,'ACTUALIZACION_ITEM_INVENTARIO','items_inventario',5,'{\"id\": 5, \"activo\": 1, \"nombre\": \"prueba\", \"codigo_qr\": \"UMSA-ERTY0F0C2\", \"creado_en\": \"2025-11-26T01:26:28.000Z\", \"ubicacion\": \"\", \"descripcion\": \"descripcion123\", \"categoria_id\": 5, \"estado_stock\": \"BAJO\", \"stock_actual\": 3, \"stock_maximo\": 100, \"stock_minimo\": 3, \"stock_optimo\": false, \"unidad_medida\": \"UNIDAD\", \"categoria_tipo\": \"HERRAMIENTA\", \"precio_unitario\": null, \"categoria_nombre\": \"Herramientas\", \"necesita_reposicion\": true}','{\"nombre\": \"prueba\", \"ubicacion\": \"\", \"descripcion\": \"descripcion123\", \"categoria_id\": 5, \"stock_maximo\": 50, \"stock_minimo\": 3, \"unidad_medida\": \"UNIDAD\", \"precio_unitario\": null}',NULL,'2025-12-05 14:40:13'),(173,NULL,'ACTUALIZACION_ITEM_INVENTARIO','items_inventario',5,'{\"id\": 5, \"activo\": 1, \"nombre\": \"prueba\", \"codigo_qr\": \"UMSA-ERTY0F0C2\", \"creado_en\": \"2025-11-26T01:26:28.000Z\", \"ubicacion\": \"\", \"descripcion\": \"descripcion123\", \"categoria_id\": 5, \"estado_stock\": \"BAJO\", \"stock_actual\": 3, \"stock_maximo\": 50, \"stock_minimo\": 3, \"stock_optimo\": false, \"unidad_medida\": \"UNIDAD\", \"categoria_tipo\": \"HERRAMIENTA\", \"precio_unitario\": null, \"categoria_nombre\": \"Herramientas\", \"necesita_reposicion\": true}','{\"nombre\": \"prueba\", \"ubicacion\": \"\", \"descripcion\": \"descripcion123\", \"categoria_id\": 5, \"stock_maximo\": 50, \"stock_minimo\": 3, \"unidad_medida\": \"UNIDAD\", \"precio_unitario\": 150}',NULL,'2025-12-05 14:40:20'),(174,NULL,'ACTUALIZACION_ITEM_INVENTARIO','items_inventario',5,'{\"id\": 5, \"activo\": 1, \"nombre\": \"prueba\", \"codigo_qr\": \"UMSA-ERTY0F0C2\", \"creado_en\": \"2025-11-26T01:26:28.000Z\", \"ubicacion\": \"\", \"descripcion\": \"descripcion123\", \"categoria_id\": 5, \"estado_stock\": \"BAJO\", \"stock_actual\": 3, \"stock_maximo\": 50, \"stock_minimo\": 3, \"stock_optimo\": false, \"unidad_medida\": \"UNIDAD\", \"categoria_tipo\": \"HERRAMIENTA\", \"precio_unitario\": \"150.00\", \"categoria_nombre\": \"Herramientas\", \"necesita_reposicion\": true}','{\"nombre\": \"prueba\", \"ubicacion\": \"Estante 23\", \"descripcion\": \"descripcion123\", \"categoria_id\": 5, \"stock_maximo\": 50, \"stock_minimo\": 3, \"unidad_medida\": \"UNIDAD\", \"precio_unitario\": \"150.00\"}',NULL,'2025-12-05 14:40:31'),(175,NULL,'ACTUALIZACION_ITEM_INVENTARIO','items_inventario',5,'{\"id\": 5, \"activo\": 1, \"nombre\": \"prueba\", \"codigo_qr\": \"UMSA-ERTY0F0C2\", \"creado_en\": \"2025-11-26T01:26:28.000Z\", \"ubicacion\": \"Estante 23\", \"descripcion\": \"descripcion123\", \"categoria_id\": 5, \"estado_stock\": \"BAJO\", \"stock_actual\": 3, \"stock_maximo\": 50, \"stock_minimo\": 3, \"stock_optimo\": false, \"unidad_medida\": \"UNIDAD\", \"categoria_tipo\": \"HERRAMIENTA\", \"precio_unitario\": \"150.00\", \"categoria_nombre\": \"Herramientas\", \"necesita_reposicion\": true}','{\"nombre\": \"prueba\", \"ubicacion\": \"Estante 23\", \"descripcion\": \"descripcion123\", \"categoria_id\": 5, \"stock_maximo\": 50, \"stock_minimo\": 3, \"unidad_medida\": \"UNIDAD\", \"precio_unitario\": \"150.00\"}',NULL,'2025-12-05 14:40:45'),(176,NULL,'ACTUALIZACION_ITEM_INVENTARIO','items_inventario',5,'{\"id\": 5, \"activo\": 1, \"nombre\": \"prueba\", \"codigo_qr\": \"UMSA-ERTY0F0C2\", \"creado_en\": \"2025-11-26T01:26:28.000Z\", \"ubicacion\": \"Estante 23\", \"descripcion\": \"descripcion123\", \"categoria_id\": 5, \"estado_stock\": \"BAJO\", \"stock_actual\": 3, \"stock_maximo\": 50, \"stock_minimo\": 3, \"stock_optimo\": false, \"unidad_medida\": \"UNIDAD\", \"categoria_tipo\": \"HERRAMIENTA\", \"precio_unitario\": \"150.00\", \"categoria_nombre\": \"Herramientas\", \"necesita_reposicion\": true}','{\"nombre\": \"prueba\", \"ubicacion\": \"Estante 23\", \"descripcion\": \"descripcion123\", \"categoria_id\": 5, \"stock_actual\": 5, \"stock_maximo\": 50, \"stock_minimo\": 3, \"unidad_medida\": \"UNIDAD\", \"precio_unitario\": \"150.00\"}',NULL,'2025-12-05 14:41:57'),(177,NULL,'ACTUALIZACION_ITEM_INVENTARIO','items_inventario',5,'{\"id\": 5, \"activo\": 1, \"nombre\": \"prueba\", \"codigo_qr\": \"UMSA-ERTY0F0C2\", \"creado_en\": \"2025-11-26T01:26:28.000Z\", \"ubicacion\": \"Estante 23\", \"descripcion\": \"descripcion123\", \"categoria_id\": 5, \"estado_stock\": \"MEDIO\", \"stock_actual\": 5, \"stock_maximo\": 50, \"stock_minimo\": 3, \"stock_optimo\": true, \"unidad_medida\": \"UNIDAD\", \"categoria_tipo\": \"HERRAMIENTA\", \"precio_unitario\": \"150.00\", \"categoria_nombre\": \"Herramientas\", \"necesita_reposicion\": false}','{\"nombre\": \"prueba\", \"ubicacion\": \"Estante 23\", \"descripcion\": \"descripcion123\", \"categoria_id\": 5, \"stock_actual\": 6, \"stock_maximo\": 50, \"stock_minimo\": 3, \"unidad_medida\": \"UNIDAD\", \"precio_unitario\": \"150.00\"}',NULL,'2025-12-05 14:42:13'),(178,NULL,'ALERTA_STOCK_BAJO','items_inventario',5,'{\"stock_anterior\": 6}','{\"stock_actual\": 2}',NULL,'2025-12-05 14:43:33'),(179,1,'CREACION_REPARACION','reparaciones',9,NULL,'{\"estado\": \"RECIBIDO\", \"tecnico_id\": 2, \"vehiculo_id\": 5}',NULL,'2025-12-05 15:09:39'),(180,1,'ACTUALIZACION_REPARACION','reparaciones',9,'{\"id\": 9, \"color\": \"Verde\", \"costo\": \"120.00\", \"marca\": \"Test\", \"placa\": \"TEST-999\", \"estado\": \"RECIBIDO\", \"modelo\": \"Model\", \"mecanico\": \"Juan Técnico\", \"progreso\": 10, \"creado_en\": \"2025-12-05T15:09:39.000Z\", \"fecha_fin\": \"2025-12-12T04:00:00.000Z\", \"tecnico_id\": 2, \"costo_total\": 120, \"descripcion\": \"qwertyui\", \"diagnostico\": \"asdfghjk\", \"vehiculo_id\": 5, \"fecha_inicio\": \"2025-12-05T04:00:00.000Z\", \"tecnico_email\": \"tecnico@umsa.edu.bo\", \"tecnico_nombre\": \"Juan Técnico\", \"costo_repuestos\": null, \"fecha_recepcion\": \"2025-12-05T04:00:00.000Z\", \"total_repuestos\": 0, \"dias_en_reparacion\": 1, \"fecha_real_entrega\": null, \"kilometraje_actual\": \"0.00\", \"descripcion_problema\": \"qwertyui\", \"repuestos_utilizados\": [], \"fecha_estimada_entrega\": \"2025-12-12T04:00:00.000Z\"}','{\"estado\": \"RECIBIDO\", \"creado_en\": \"2025-12-05T15:09:39.000Z\", \"tecnico_id\": 2, \"costo_total\": 121, \"diagnostico\": \"asdfghjk\", \"vehiculo_id\": 5, \"fecha_recepcion\": \"2025-12-05\", \"fecha_real_entrega\": null, \"descripcion_problema\": \"qwertyui\", \"fecha_estimada_entrega\": \"2025-12-19\"}',NULL,'2025-12-05 15:16:42'),(181,1,'ACTUALIZACION_REPARACION','reparaciones',9,'{\"id\": 9, \"color\": \"Verde\", \"costo\": \"121.00\", \"marca\": \"Test\", \"placa\": \"TEST-999\", \"estado\": \"RECIBIDO\", \"modelo\": \"Model\", \"mecanico\": \"Juan Técnico\", \"progreso\": 10, \"creado_en\": \"2025-12-05T15:09:39.000Z\", \"fecha_fin\": \"2025-12-19T04:00:00.000Z\", \"tecnico_id\": 2, \"costo_total\": 121, \"descripcion\": \"qwertyui\", \"diagnostico\": \"asdfghjk\", \"vehiculo_id\": 5, \"fecha_inicio\": \"2025-12-05T04:00:00.000Z\", \"tecnico_email\": \"tecnico@umsa.edu.bo\", \"tecnico_nombre\": \"Juan Técnico\", \"costo_repuestos\": null, \"fecha_recepcion\": \"2025-12-05T04:00:00.000Z\", \"total_repuestos\": 0, \"dias_en_reparacion\": 1, \"fecha_real_entrega\": null, \"kilometraje_actual\": \"0.00\", \"descripcion_problema\": \"qwertyui\", \"repuestos_utilizados\": [], \"fecha_estimada_entrega\": \"2025-12-19T04:00:00.000Z\"}','{\"estado\": \"RECIBIDO\", \"creado_en\": \"2025-12-05T15:09:39.000Z\", \"tecnico_id\": 2, \"costo_total\": 121, \"diagnostico\": \"asdfghjk\", \"vehiculo_id\": 5, \"fecha_recepcion\": \"2025-12-05\", \"fecha_real_entrega\": null, \"descripcion_problema\": \"prueba1\", \"fecha_estimada_entrega\": \"2025-12-18\"}',NULL,'2025-12-05 15:17:06'),(182,1,'ELIMINACION_REPARACION','reparaciones',3,'{\"id\": 3, \"color\": \"Blanco\", \"costo\": \"0.00\", \"marca\": \"Toyota\", \"placa\": \"UMSA-001\", \"estado\": \"RECIBIDO\", \"modelo\": \"Hiace\", \"mecanico\": \"Carlos Mendez\", \"progreso\": 10, \"creado_en\": \"2025-12-04T14:00:43.000Z\", \"fecha_fin\": \"2025-12-12T04:00:00.000Z\", \"tecnico_id\": 4, \"costo_total\": 0, \"descripcion\": \"QWERTYUIO\", \"diagnostico\": \"MJNHBGVFCDSX\", \"vehiculo_id\": 1, \"fecha_inicio\": \"2025-12-04T04:00:00.000Z\", \"tecnico_email\": \"tecnico1@umsa.edu.bo\", \"tecnico_nombre\": \"Carlos Mendez\", \"costo_repuestos\": null, \"fecha_recepcion\": \"2025-12-04T04:00:00.000Z\", \"total_repuestos\": 0, \"dias_en_reparacion\": 2, \"fecha_real_entrega\": null, \"kilometraje_actual\": \"0.00\", \"descripcion_problema\": \"QWERTYUIO\", \"repuestos_utilizados\": [], \"fecha_estimada_entrega\": \"2025-12-12T04:00:00.000Z\"}',NULL,NULL,'2025-12-05 15:19:07'),(183,1,'ACTUALIZACION_ESTADO_REPARACION','reparaciones',7,'{\"estado_anterior\": \"RECIBIDO\"}','{\"estado_nuevo\": \"DIAGNOSTICO\"}',NULL,'2025-12-05 15:30:35'),(184,1,'ACTUALIZACION_ESTADO_REPARACION','reparaciones',7,'{\"estado_anterior\": \"DIAGNOSTICO\"}','{\"estado_nuevo\": \"EN_REPARACION\"}',NULL,'2025-12-05 15:30:41'),(185,1,'ACTUALIZACION_ESTADO_REPARACION','reparaciones',7,'{\"estado_anterior\": \"EN_REPARACION\"}','{\"estado_nuevo\": \"TERMINADO\"}',NULL,'2025-12-05 15:30:45'),(186,1,'ACTUALIZACION_ESTADO_REPARACION','reparaciones',7,'{\"estado_anterior\": \"TERMINADO\"}','{\"estado_nuevo\": \"ENTREGADO\"}',NULL,'2025-12-05 15:30:48'),(187,1,'ACTUALIZACION_ESTADO_REPARACION','reparaciones',6,'{\"estado_anterior\": \"RECIBIDO\"}','{\"estado_nuevo\": \"DIAGNOSTICO\"}',NULL,'2025-12-05 15:31:40'),(188,1,'ACTUALIZACION_ESTADO_REPARACION','reparaciones',5,'{\"estado_anterior\": \"RECIBIDO\"}','{\"estado_nuevo\": \"DIAGNOSTICO\", \"observaciones\": \"SE RELALIZO EL DIAGNOSTICO FALLA EN LAS BUJIAS\", \"fecha_real_entrega\": null}',NULL,'2025-12-05 15:37:53'),(189,1,'ACTUALIZACION_ESTADO_REPARACION','reparaciones',5,'{\"estado_anterior\": \"DIAGNOSTICO\"}','{\"estado_nuevo\": \"EN_REPARACION\", \"observaciones\": \"Se empezo con la reparacion de la movilida\\n\", \"fecha_real_entrega\": null}',NULL,'2025-12-05 15:38:29'),(190,1,'ACTUALIZACION_ESTADO_REPARACION','reparaciones',5,'{\"estado_anterior\": \"EN_REPARACION\"}','{\"estado_nuevo\": \"TERMINADO\", \"observaciones\": \"FAlla solucionanda\", \"fecha_real_entrega\": \"2025-12-05\"}',NULL,'2025-12-05 15:38:43'),(191,1,'ACTUALIZACION_ESTADO_REPARACION','reparaciones',5,'{\"estado_anterior\": \"TERMINADO\"}','{\"estado_nuevo\": \"ENTREGADO\", \"observaciones\": \"ningun reclamo\", \"fecha_real_entrega\": \"2025-12-05\"}',NULL,'2025-12-05 15:38:52'),(192,1,'LOGIN_EXITOSO','usuarios',1,NULL,'{\"ultimo_login\": \"2025-12-05T20:45:18.512Z\"}',NULL,'2025-12-05 20:45:18'),(193,1,'LOGIN_EXITOSO','usuarios',1,NULL,'{\"ultimo_login\": \"2025-12-05T21:36:07.806Z\"}',NULL,'2025-12-05 21:36:07'),(194,5,'DESACTIVACION_USUARIO','usuarios',5,'{\"id\": 5, \"email\": \"conductor1@umsa.edu.bo\", \"activo\": 1, \"rol_id\": 3, \"nombres\": \"Roberto\", \"telefono\": null, \"apellidos\": \"Gutierrez\", \"creado_en\": \"2025-11-16T00:14:51.000Z\", \"rol_nombre\": \"CONDUCTOR\", \"departamento\": \"Transporte\", \"nivel_acceso\": 2, \"rol_descripcion\": \"Operación de vehículos\"}','{\"activo\": false}',NULL,'2025-12-05 21:38:03'),(195,5,'ACTUALIZACION_USUARIO','usuarios',5,'{\"id\": 5, \"email\": \"conductor1@umsa.edu.bo\", \"activo\": 0, \"rol_id\": 3, \"nombres\": \"Roberto\", \"telefono\": null, \"apellidos\": \"Gutierrez\", \"creado_en\": \"2025-11-16T00:14:51.000Z\", \"rol_nombre\": \"CONDUCTOR\", \"departamento\": \"Transporte\", \"nivel_acceso\": 2, \"rol_descripcion\": \"Operación de vehículos\"}','{\"activo\": true}',NULL,'2025-12-05 21:38:10'),(196,12,'CREACION_USUARIO','usuarios',12,NULL,'{\"email\": \"dghdf\", \"rol_id\": \"3\", \"nombres\": \"carlos\", \"apellidos\": \"valencia\"}',NULL,'2025-12-05 21:40:44'),(198,NULL,'CREACION_CONDUCTOR','conductores',4,NULL,'{\"usuario_id\": \"12\", \"licencia_numero\": \"6804905\", \"licencia_categoria\": \"C\"}',NULL,'2025-12-05 21:45:31'),(199,1,'CREACION_RESERVA','reservas',7,NULL,'{\"estado\": \"PENDIENTE\", \"vehiculo_id\": \"2\", \"fecha_reserva\": \"2025-12-06\", \"solicitante_id\": 1}',NULL,'2025-12-05 21:47:19'),(200,1,'CAMBIO_ESTADO_RESERVA','reservas',7,'{\"estado\": \"PENDIENTE\"}','{\"estado\": \"APROBADA\"}',NULL,'2025-12-05 21:49:55'),(201,1,'CAMBIO_ESTADO_RESERVA','reservas',7,'{\"estado\": \"APROBADA\"}','{\"estado\": \"COMPLETADA\"}',NULL,'2025-12-05 21:50:06'),(202,1,'CAMBIO_ESTADO_RESERVA','reservas',6,'{\"estado\": \"PENDIENTE\"}','{\"estado\": \"APROBADA\"}',NULL,'2025-12-05 21:50:16'),(203,1,'CAMBIO_ESTADO_RESERVA','reservas',6,'{\"estado\": \"APROBADA\"}','{\"estado\": \"COMPLETADA\"}',NULL,'2025-12-05 21:50:21'),(204,1,'CREACION_REPARACION','reparaciones',10,NULL,'{\"estado\": \"RECIBIDO\", \"tecnico_id\": 8, \"vehiculo_id\": 10}',NULL,'2025-12-05 21:55:43'),(205,1,'ACTUALIZACION_ESTADO_REPARACION','reparaciones',10,'{\"estado_anterior\": \"RECIBIDO\"}','{\"estado_nuevo\": \"DIAGNOSTICO\", \"observaciones\": \"DESGASTE PREMATURO\", \"fecha_real_entrega\": null}',NULL,'2025-12-05 21:56:32'),(206,1,'ACTUALIZACION_ESTADO_REPARACION','reparaciones',10,'{\"estado_anterior\": \"DIAGNOSTICO\"}','{\"estado_nuevo\": \"EN_REPARACION\", \"observaciones\": \"CAMBIO DE PASTILLA\", \"fecha_real_entrega\": null}',NULL,'2025-12-05 21:56:51'),(207,1,'ACTUALIZACION_ESTADO_REPARACION','reparaciones',10,'{\"estado_anterior\": \"TERMINADO\"}','{\"estado_nuevo\": \"ENTREGADO\", \"observaciones\": \"SE ENTREGO CONFORME\", \"fecha_real_entrega\": \"2025-12-20\"}',NULL,'2025-12-05 21:59:41'),(208,1,'LOGIN_EXITOSO','usuarios',1,NULL,'{\"ultimo_login\": \"2025-12-06T02:33:28.846Z\"}',NULL,'2025-12-06 02:33:28'),(209,1,'LOGIN_EXITOSO','usuarios',1,NULL,'{\"ultimo_login\": \"2025-12-06T17:21:44.669Z\"}',NULL,'2025-12-06 17:21:44'),(210,NULL,'CREACION_ITEM_INVENTARIO','items_inventario',7,NULL,'{\"nombre\": \"LLAnta \", \"categoria_id\": 5, \"stock_actual\": 1}',NULL,'2025-12-06 17:22:52'),(211,13,'CREACION_USUARIO','usuarios',13,NULL,'{\"email\": \"ejemplo@umsa.edu.bo\", \"rol_id\": 4, \"nombres\": \"Jose\", \"apellidos\": \"Alpaca\"}',NULL,'2025-12-10 02:08:22'),(212,1,'LOGIN_EXITOSO','usuarios',1,NULL,'{\"ultimo_login\": \"2025-12-10T11:56:55.607Z\"}',NULL,'2025-12-10 11:56:55'),(213,NULL,'ACTUALIZACION_VEHICULO','vehiculos',10,'{\"id\": 10, \"anio\": 2010, \"color\": \"azul\", \"marca\": \"toyota\", \"placa\": \"abb-910\", \"estado\": \"DISPONIBLE\", \"modelo\": \"land crusser\", \"capacidad\": 7, \"creado_en\": \"2025-12-05T01:49:17.000Z\", \"tipo_combustible\": \"GASOLINA\", \"kilometraje_actual\": \"0.00\"}','{\"año\": 2010, \"color\": \"azul\", \"marca\": \"toyota\", \"placa\": \"abb-910\", \"estado\": \"INACTIVO\", \"modelo\": \"land crusser\", \"capacidad\": 7, \"tipo_combustible\": \"GASOLINA\", \"kilometraje_actual\": \"0.00\"}',NULL,'2025-12-10 14:26:58'),(214,1,'LOGIN_EXITOSO','usuarios',1,NULL,'{\"ultimo_login\": \"2025-12-10T18:03:17.261Z\"}',NULL,'2025-12-10 18:03:17'),(215,1,'LOGIN_EXITOSO','usuarios',1,NULL,'{\"ultimo_login\": \"2025-12-11T19:25:49.957Z\"}',NULL,'2025-12-11 19:25:49'),(216,1,'LOGIN_EXITOSO','usuarios',1,NULL,'{\"ultimo_login\": \"2025-12-11T19:28:16.623Z\"}',NULL,'2025-12-11 19:28:16'),(217,NULL,'CREACION_ITEM_INVENTARIO','items_inventario',263,NULL,'{\"nombre\": \"Prueba\", \"categoria_id\": 3, \"stock_actual\": 8}',NULL,'2025-12-11 19:37:56');
/*!40000 ALTER TABLE `auditoria_sistema` ENABLE KEYS */;
UNLOCK TABLES;

--
-- Table structure for table `categorias_inventario`
--

DROP TABLE IF EXISTS `categorias_inventario`;
/*!40101 SET @saved_cs_client     = @@character_set_client */;
/*!50503 SET character_set_client = utf8mb4 */;
CREATE TABLE `categorias_inventario` (
  `id` int NOT NULL AUTO_INCREMENT,
  `nombre` varchar(100) COLLATE utf8mb4_unicode_ci NOT NULL,
  `tipo` enum('LIMPIEZA','REPUESTO','HERRAMIENTA') COLLATE utf8mb4_unicode_ci NOT NULL,
  `descripcion` text COLLATE utf8mb4_unicode_ci,
  `creado_en` timestamp NULL DEFAULT CURRENT_TIMESTAMP,
  PRIMARY KEY (`id`),
  UNIQUE KEY `nombre` (`nombre`)
) ENGINE=InnoDB AUTO_INCREMENT=28 DEFAULT CHARSET=utf8mb4 COLLATE=utf8mb4_unicode_ci;
/*!40101 SET character_set_client = @saved_cs_client */;

--
-- Dumping data for table `categorias_inventario`
--

LOCK TABLES `categorias_inventario` WRITE;
/*!40000 ALTER TABLE `categorias_inventario` DISABLE KEYS */;
INSERT INTO `categorias_inventario` VALUES (1,'Lubricantes','REPUESTO','Aceites y lubricantes para motor','2025-11-15 23:11:18'),(2,'Filtros','REPUESTO','Filtros de aire, aceite y combustible','2025-11-15 23:11:18'),(3,'Limpieza Externa','LIMPIEZA','Productos para lavado exterior','2025-11-15 23:11:18'),(4,'Limpieza Interna','LIMPIEZA','Productos para limpieza interior','2025-11-15 23:11:18'),(5,'Herramientas','HERRAMIENTA','Herramientas de taller','2025-11-15 23:11:18'),(7,'Aceites y Lubricantes','REPUESTO','Aceites de motor, diferencial, líquidos hidráulicos','2025-12-10 13:58:19'),(8,'Componentes Eléctricos','REPUESTO','Bujías, condensadores, focos, cables, solenoides, reguladores','2025-12-10 14:00:58'),(9,'Luces y Accesorios Eléctricos','REPUESTO','Faros, bocinas, componentes eléctricos de iluminación','2025-12-10 14:00:58'),(16,'Rodamientos y Amortiguadores','REPUESTO','Rodamientos, amortiguadores, componentes de suspensión','2025-12-10 14:07:21'),(17,'Sistema de Refrigeración','REPUESTO','Termostatos, válvulas de agua, componentes del sistema de enfriamiento','2025-12-10 14:07:21'),(18,'Neumáticos y Llantas','REPUESTO','Neumáticos para diferentes vehículos','2025-12-10 14:13:51'),(19,'Bujes y Suspensión','REPUESTO','Bujes, soportes, muñones, barras estabilizadoras','2025-12-10 14:13:51'),(20,'Componentes de Motor','REPUESTO','Bombas, cilindros, guías, interruptores, empaques de motor','2025-12-10 14:16:46'),(21,'Transmisiones Mecánicas','REPUESTO','Crucetas, horquillas, kits de embrague','2025-12-10 14:16:46'),(22,'Cilindros y Frenos','REPUESTO','Cilindros de freno, kits de freno hidráulico','2025-12-10 14:16:46'),(23,'Chapa y Pintura','HERRAMIENTA','Materiales para chapa y pintura, herramientas de acabado','2025-12-10 14:20:35'),(24,'Limpieza General','LIMPIEZA','Productos de limpieza para instalaciones, detergentes, desinfectantes','2025-12-10 14:24:45'),(25,'Limpieza Vehicular','LIMPIEZA','Productos para limpieza interior y exterior de vehículos','2025-12-10 14:24:45'),(26,'Equipos de Protección Personal','LIMPIEZA','EPP para limpieza y mantenimiento','2025-12-10 14:24:45'),(27,'Accesorios de Limpieza','LIMPIEZA','Herramientas y accesorios para limpieza','2025-12-10 14:24:45');
/*!40000 ALTER TABLE `categorias_inventario` ENABLE KEYS */;
UNLOCK TABLES;

--
-- Table structure for table `conductores`
--

DROP TABLE IF EXISTS `conductores`;
/*!40101 SET @saved_cs_client     = @@character_set_client */;
/*!50503 SET character_set_client = utf8mb4 */;
CREATE TABLE `conductores` (
  `id` int NOT NULL AUTO_INCREMENT,
  `usuario_id` int NOT NULL,
  `licencia_numero` varchar(20) COLLATE utf8mb4_unicode_ci NOT NULL,
  `licencia_categoria` varchar(5) COLLATE utf8mb4_unicode_ci NOT NULL,
  `licencia_vencimiento` date NOT NULL,
  `telefono` varchar(15) COLLATE utf8mb4_unicode_ci DEFAULT NULL,
  `habilitado` tinyint(1) DEFAULT '1',
  `creado_en` timestamp NULL DEFAULT CURRENT_TIMESTAMP,
  PRIMARY KEY (`id`),
  UNIQUE KEY `usuario_id` (`usuario_id`),
  UNIQUE KEY `licencia_numero` (`licencia_numero`),
  CONSTRAINT `conductores_ibfk_1` FOREIGN KEY (`usuario_id`) REFERENCES `usuarios` (`id`)
) ENGINE=InnoDB AUTO_INCREMENT=5 DEFAULT CHARSET=utf8mb4 COLLATE=utf8mb4_unicode_ci;
/*!40101 SET character_set_client = @saved_cs_client */;

--
-- Dumping data for table `conductores`
--

LOCK TABLES `conductores` WRITE;
/*!40000 ALTER TABLE `conductores` DISABLE KEYS */;
INSERT INTO `conductores` VALUES (1,5,'123456','B','2026-01-28','67083920',1,'2025-12-03 16:02:00'),(3,11,'12345632','B','2026-01-28','8520963',1,'2025-12-05 02:18:33'),(4,12,'6804905','C','2025-12-31','78962223',1,'2025-12-05 21:45:31');
/*!40000 ALTER TABLE `conductores` ENABLE KEYS */;
UNLOCK TABLES;

--
-- Table structure for table `consumo_repuestos`
--

DROP TABLE IF EXISTS `consumo_repuestos`;
/*!40101 SET @saved_cs_client     = @@character_set_client */;
/*!50503 SET character_set_client = utf8mb4 */;
CREATE TABLE `consumo_repuestos` (
  `id` int NOT NULL AUTO_INCREMENT,
  `reparacion_id` int NOT NULL,
  `item_id` int NOT NULL,
  `cantidad` int NOT NULL,
  `costo_unitario` decimal(10,2) DEFAULT NULL,
  `creado_en` timestamp NULL DEFAULT CURRENT_TIMESTAMP,
  PRIMARY KEY (`id`),
  KEY `reparacion_id` (`reparacion_id`),
  KEY `item_id` (`item_id`),
  CONSTRAINT `consumo_repuestos_ibfk_1` FOREIGN KEY (`reparacion_id`) REFERENCES `reparaciones` (`id`),
  CONSTRAINT `consumo_repuestos_ibfk_2` FOREIGN KEY (`item_id`) REFERENCES `items_inventario` (`id`)
) ENGINE=InnoDB DEFAULT CHARSET=utf8mb4 COLLATE=utf8mb4_unicode_ci;
/*!40101 SET character_set_client = @saved_cs_client */;

--
-- Dumping data for table `consumo_repuestos`
--

LOCK TABLES `consumo_repuestos` WRITE;
/*!40000 ALTER TABLE `consumo_repuestos` DISABLE KEYS */;
/*!40000 ALTER TABLE `consumo_repuestos` ENABLE KEYS */;
UNLOCK TABLES;

--
-- Table structure for table `items_inventario`
--

DROP TABLE IF EXISTS `items_inventario`;
/*!40101 SET @saved_cs_client     = @@character_set_client */;
/*!50503 SET character_set_client = utf8mb4 */;
CREATE TABLE `items_inventario` (
  `id` int NOT NULL AUTO_INCREMENT,
  `codigo_qr` varchar(100) COLLATE utf8mb4_unicode_ci DEFAULT NULL,
  `nombre` varchar(150) COLLATE utf8mb4_unicode_ci NOT NULL,
  `descripcion` text COLLATE utf8mb4_unicode_ci,
  `categoria_id` int NOT NULL,
  `stock_actual` int DEFAULT '0',
  `stock_minimo` int DEFAULT '5',
  `stock_maximo` int DEFAULT '100',
  `unidad_medida` varchar(20) COLLATE utf8mb4_unicode_ci DEFAULT 'UNIDAD',
  `precio_unitario` decimal(10,2) DEFAULT NULL,
  `ubicacion` varchar(100) COLLATE utf8mb4_unicode_ci DEFAULT NULL,
  `activo` tinyint(1) DEFAULT '1',
  `creado_en` timestamp NULL DEFAULT CURRENT_TIMESTAMP,
  PRIMARY KEY (`id`),
  UNIQUE KEY `codigo_qr` (`codigo_qr`),
  KEY `idx_items_categoria` (`categoria_id`),
  CONSTRAINT `items_inventario_ibfk_1` FOREIGN KEY (`categoria_id`) REFERENCES `categorias_inventario` (`id`)
) ENGINE=InnoDB AUTO_INCREMENT=264 DEFAULT CHARSET=utf8mb4 COLLATE=utf8mb4_unicode_ci;
/*!40101 SET character_set_client = @saved_cs_client */;

--
-- Dumping data for table `items_inventario`
--

LOCK TABLES `items_inventario` WRITE;
/*!40000 ALTER TABLE `items_inventario` DISABLE KEYS */;
INSERT INTO `items_inventario` VALUES (1,NULL,'Aceite Motor 15W40','Aceite sintético para motor diesel',1,25,5,100,'UNIDAD',85.50,'Estante A1',1,'2025-11-16 00:14:51'),(2,NULL,'Filtro de Aire','Filtro de aire para motor grande',2,12,3,100,'UNIDAD',45.00,'Estante B2',0,'2025-11-16 00:14:51'),(3,NULL,'Pastillas de Freno','Juego de pastillas para frenos delanteros',3,8,2,100,'UNIDAD',120.00,'Estante C3',1,'2025-11-16 00:14:51'),(4,NULL,'Jabón Líquido Vehicular','Jabón especial para lavado de vehículos',4,12,4,100,'UNIDAD',25.00,'Estante D1',1,'2025-11-16 00:14:51'),(5,'UMSA-ERTY0F0C2','prueba','descripcion123',5,10,3,50,'UNIDAD',150.00,'Estante 23',0,'2025-11-26 01:26:28'),(6,'UMSA-MGP3VKX2C','prueba','uno dos y tres ',5,10,5,100,'UNIDAD',1000.00,'Estante A3',0,'2025-12-05 14:34:04'),(7,'UMSA-H4R4FRQKG','LLAnta ','ertghjk',5,1,1,5,'UNIDAD',150.00,'almacen 1',1,'2025-12-06 17:22:52'),(8,'UMSA-FILT-001','Filtro de aceite Bosch','Filtro de aceite para Toyota Corolla 2018-2022',2,25,5,50,'UNIDAD',60.00,'Estante A1 - Filtros aceite',1,'2025-12-10 13:52:44'),(9,'UMSA-FILT-002','Filtro de aceite Sure Filter SFO-4302','Filtro de aceite marca Sure Filter',2,24,5,50,'UNIDAD',NULL,'Estante A1 - Filtros aceite',1,'2025-12-10 13:52:44'),(10,'UMSA-FILT-003','Filtro de aceite Sure Filter SFO-1A','Filtro de aceite marca Sure Filter',2,13,5,50,'UNIDAD',NULL,'Estante A1 - Filtros aceite',1,'2025-12-10 13:52:44'),(11,'UMSA-FILT-004','Filtro de aceite Sure Filter SFO-10011','Filtro de aceite - No tiene recubrimiento plástico',2,1,5,50,'UNIDAD',NULL,'Estante A1 - Filtros aceite',1,'2025-12-10 13:52:44'),(12,'UMSA-FILT-005','Filtro de aceite Sure Filter SFO-4260','Filtro de aceite marca Sure Filter',2,1,5,50,'UNIDAD',NULL,'Estante A1 - Filtros aceite',1,'2025-12-10 13:52:44'),(13,'UMSA-FILT-006','Filtro de aceite Sure Filter SFO-5004','Filtro de aceite - Sin stock',2,0,5,50,'UNIDAD',NULL,'Estante A1 - Filtros aceite',1,'2025-12-10 13:52:44'),(14,'UMSA-FILT-007','Filtro de aceite Nissan 15208-W1106','Filtro de aceite marca Nissan',2,2,5,50,'UNIDAD',NULL,'Estante A2 - Filtros aceite',1,'2025-12-10 13:52:44'),(15,'UMSA-FILT-008','Filtro de aceite Donaldson P502413','Filtro de aceite marca Donaldson',2,2,5,50,'UNIDAD',NULL,'Estante A2 - Filtros aceite',1,'2025-12-10 13:52:44'),(16,'UMSA-FILT-009','Filtro de aceite VIC C-101','Filtro de aceite - Pequeña abolladura parte superior',2,1,5,50,'UNIDAD',NULL,'Estante A2 - Filtros aceite',1,'2025-12-10 13:52:44'),(17,'UMSA-FILT-010','Filtro de aceite Toyo TH8','Filtro de aceite marca Toyo',2,1,5,50,'UNIDAD',NULL,'Estante A2 - Filtros aceite',1,'2025-12-10 13:52:44'),(18,'UMSA-FILT-011','Filtro de aceite Autotech PH8A','Filtro de aceite - Sin stock',2,0,5,50,'UNIDAD',NULL,'Estante A2 - Filtros aceite',1,'2025-12-10 13:52:44'),(19,'UMSA-FILT-012','Filtro de aceite Megafil PH2825','Filtro de aceite - Sin caja',2,1,5,50,'UNIDAD',NULL,'Estante A2 - Filtros aceite',1,'2025-12-10 13:52:44'),(20,'UMSA-FILT-013','Filtro de aceite Sure Filter SFO-64','Filtro de aceite - Sin caja ni recubrimiento plástico',2,1,5,50,'UNIDAD',NULL,'Estante A2 - Filtros aceite',1,'2025-12-10 13:52:44'),(21,'UMSA-FILT-014','Filtro de aceite FORD JU2J-6714-AA','Filtro de aceite - Está junto con las pastillas de FORD D-T',2,1,5,50,'UNIDAD',NULL,'Estante A2 - Filtros aceite',1,'2025-12-10 13:52:44'),(22,'UMSA-FILT-015','Filtro de aire Nissan A6545-T3401','Filtro de aire marca Nissan',2,1,3,30,'UNIDAD',NULL,'Estante B1 - Filtros aire',1,'2025-12-10 13:52:44'),(23,'UMSA-FILT-016','Filtro de aire Toyota AT-F1101','Filtro de aire marca Toyota',2,1,3,30,'UNIDAD',NULL,'Estante B1 - Filtros aire',1,'2025-12-10 13:52:44'),(24,'UMSA-FILT-017','Filtro de aire Nissan 16546-03J00','Filtro de aire marca Nissan',2,2,3,30,'UNIDAD',NULL,'Estante B1 - Filtros aire',1,'2025-12-10 13:52:44'),(25,'UMSA-FILT-018','Filtro de aire Toyota 17801-66040','Filtro de aire marca Toyota',2,1,3,30,'UNIDAD',NULL,'Estante B1 - Filtros aire',1,'2025-12-10 13:52:44'),(26,'UMSA-FILT-019','Filtro de aire Toyota 17801-78110','Filtro de aire marca Toyota',2,1,3,30,'UNIDAD',NULL,'Estante B1 - Filtros aire',1,'2025-12-10 13:52:44'),(27,'UMSA-FILT-020','Filtro de aire Sure Filter SFA-4378','Filtro de aire - Filtros de lagabeta',2,1,3,30,'UNIDAD',NULL,'Estante B2 - Filtros aire',1,'2025-12-10 13:52:44'),(28,'UMSA-FILT-021','Filtro de aire Nissan 16546-Y03S1','Filtro de aire - Filtros de lagabeta',2,1,3,30,'UNIDAD',NULL,'Estante B2 - Filtros aire',1,'2025-12-10 13:52:44'),(29,'UMSA-FILT-022','Filtro de aire Air filter 66077','Filtro de aire - Filtros de lagabeta',2,1,3,30,'UNIDAD',NULL,'Estante B2 - Filtros aire',1,'2025-12-10 13:52:44'),(30,'UMSA-FILT-023','Filtro de aire Toyota 17801-0L040','Filtro de aire - Filtros de lagabeta',2,1,3,30,'UNIDAD',NULL,'Estante B2 - Filtros aire',1,'2025-12-10 13:52:44'),(31,'UMSA-FILT-024','Filtro de aire Toyota 17801-31050','Filtro de aire - Filtros de lagabeta',2,1,3,30,'UNIDAD',NULL,'Estante B2 - Filtros aire',1,'2025-12-10 13:52:44'),(32,'UMSA-FILT-025','Filtro de aire FRAM CA3300','Filtro de aire - Filtros de lagabeta',2,1,3,30,'UNIDAD',NULL,'Estante B2 - Filtros aire',1,'2025-12-10 13:52:44'),(33,'UMSA-FILT-026','Filtro de aire TOYOTA 17801-68030','Filtro de aire marca Toyota',2,1,3,30,'UNIDAD',NULL,'Estante B2 - Filtros aire',1,'2025-12-10 13:52:44'),(34,'UMSA-FILT-027','Filtro de aire NISSAN 16546-06J00','Filtro de aire marca Nissan',2,1,3,30,'UNIDAD',NULL,'Estante B2 - Filtros aire',1,'2025-12-10 13:52:44'),(35,'UMSA-FILT-028','Filtro de combustible Toyota 23300-66030','Filtro de combustible - Rastros de desgaste',2,1,3,30,'UNIDAD',NULL,'Estante C1 - Filtros combustible',1,'2025-12-10 13:52:44'),(36,'UMSA-FILT-029','Filtro de combustible Toyota 23304-78225','Filtro de combustible marca Toyota',2,1,3,30,'UNIDAD',NULL,'Estante C1 - Filtros combustible',1,'2025-12-10 13:52:44'),(37,'UMSA-FILT-030','Filtro de combustible HINO 23304-78091','Filtro de combustible marca HINO',2,1,3,30,'UNIDAD',NULL,'Estante C1 - Filtros combustible',1,'2025-12-10 13:52:44'),(38,'UMSA-FILT-031','Filtro de combustible Toyota-Lexus 23300-75140','Filtro de combustible para Toyota/Lexus',2,1,3,30,'UNIDAD',NULL,'Estante C1 - Filtros combustible',1,'2025-12-10 13:52:44'),(39,'UMSA-FILT-032','Filtro de combustible Nissan 16400-2Y505','Filtro de combustible marca Nissan',2,4,3,30,'UNIDAD',NULL,'Estante C2 - Filtros combustible',1,'2025-12-10 13:52:44'),(40,'UMSA-FILT-033','Filtro de combustible Nissan 16400-F4301','Filtro de combustible marca Nissan',2,1,3,30,'UNIDAD',NULL,'Estante C2 - Filtros combustible',1,'2025-12-10 13:52:44'),(41,'UMSA-FILT-034','Filtro de combustible Nissan Patrol TB42','Filtro de combustible para Nissan Patrol',2,1,3,30,'UNIDAD',NULL,'Estante C2 - Filtros combustible',1,'2025-12-10 13:52:44'),(42,'UMSA-FILT-035','Filtro de combustible Mitsubishi G4166','Filtro de combustible marca Mitsubishi',2,1,3,30,'UNIDAD',NULL,'Estante C2 - Filtros combustible',1,'2025-12-10 13:52:44'),(43,'UMSA-ACE-001','Lubricante SAE-15W40 Castrol','Aceite de motor diesel mineral 18.93L/unid - Sin abrir',7,1,2,20,'UNIDAD',NULL,'Estante D1 - Aceites minerales',1,'2025-12-10 13:58:19'),(44,'UMSA-ACE-002','Lubricante SAE-20W50 Castrol','Aceite de motor 3.78L/unid - Cajas cerradas, solo abierta 1',7,12,5,50,'UNIDAD',NULL,'Estante D1 - Aceites minerales',1,'2025-12-10 13:58:19'),(45,'UMSA-ACE-003','Lubricante SAE-75W90 Amalie','Aceite de diferencial - 34 unidades',7,12,5,50,'UNIDAD',NULL,'Estante D2 - Aceites diferencial',1,'2025-12-10 13:58:19'),(46,'UMSA-ACE-004','Lubricante SAE-75W90 XCEL','Aceite de diferencial sintético 946ml/unid',7,2,5,50,'UNIDAD',NULL,'Estante D2 - Aceites diferencial',1,'2025-12-10 13:58:19'),(47,'UMSA-ACE-005','Lubricante SAE-80W90 Amalie','Aceite de diferencial 3.785L/unid',7,3,5,50,'UNIDAD',NULL,'Estante D2 - Aceites diferencial',1,'2025-12-10 13:58:19'),(48,'UMSA-ACE-006','Lubricante-X7 API-05W30-Mediano ZIC','Aceite sintético para vehículos medianos 4L',7,15,5,50,'UNIDAD',NULL,'Estante D3 - Aceites sintéticos',1,'2025-12-10 13:58:19'),(49,'UMSA-ACE-007','Lubricante-X7 API-05W30-Grande ZIC','Aceite sintético para vehículos grandes 4L',7,8,5,50,'UNIDAD',NULL,'Estante D3 - Aceites sintéticos',1,'2025-12-10 13:58:19'),(50,'UMSA-ACE-008','Lubricante-X9 API-05W40 ZIC','Aceite sintético para vehículos grandes 4L',7,4,5,50,'UNIDAD',NULL,'Estante D3 - Aceites sintéticos',1,'2025-12-10 13:58:19'),(51,'UMSA-ACE-009','Anticongelante ECO-117c-A ECOM','Refrigerante color verde 3.785L/unid',7,8,5,50,'UNIDAD',NULL,'Estante E1 - Refrigerantes',1,'2025-12-10 13:58:19'),(52,'UMSA-ACE-010','Anticongelante Autoguard','Refrigerante 3.785L/unid - 2 cajas cerradas color amarillo',7,13,5,50,'UNIDAD',NULL,'Estante E1 - Refrigerantes',1,'2025-12-10 13:58:19'),(53,'UMSA-ACE-011','Anticongelante Nissan 10120-ZT79K','Refrigerante con plomo 946ml/unid',7,15,5,50,'UNIDAD',NULL,'Estante E1 - Refrigerantes',1,'2025-12-10 13:58:19'),(54,'UMSA-ACE-012','Block Seal GUNK','Sellador líquido para toda clase de vehículo 443ml/unid',7,8,3,30,'UNIDAD',NULL,'Estante E2 - Selladores',1,'2025-12-10 13:58:19'),(55,'UMSA-ACE-013','Radiator Repair GUNK','Sellador en polvo para toda clase de vehículo 56.7g/unid',7,6,3,30,'UNIDAD',NULL,'Estante E2 - Selladores',1,'2025-12-10 13:58:19'),(56,'UMSA-ACE-014','Líquido de Frenos BOSCH DOT4 0204032339-W43-DOT4','Líquido de frenos 500ml/Unid - Una unidad abierta',7,35,10,100,'UNIDAD',NULL,'Estante F1 - Líquidos freno',1,'2025-12-10 13:58:19'),(57,'UMSA-ACE-015','Fluido de Transmisión Automática Quality Supreme','Líquido hidráulico 946ml/Unid - Tapa de sellado diferente',7,10,5,50,'UNIDAD',NULL,'Estante F2 - Transmisión automática',1,'2025-12-10 13:58:19'),(58,'UMSA-ACE-016','Fluido de Transmisión Automática AMALIE-Mercon V','Líquido hidráulico 946ml/Unid',7,2,5,50,'UNIDAD',NULL,'Estante F2 - Transmisión automática',1,'2025-12-10 13:58:19'),(59,'UMSA-ACE-017','Fluido de Transmisión Automática AKRON-MERCON-V 5L','Líquido hidráulico 5L/Unid',7,2,2,20,'UNIDAD',NULL,'Estante F2 - Transmisión automática',1,'2025-12-10 13:58:19'),(60,'UMSA-ACE-018','Fluido de Transmisión Automática AKRON-MERCON-V 946ml','Líquido hidráulico 946ml/Unid',7,2,5,50,'UNIDAD',NULL,'Estante F2 - Transmisión automática',1,'2025-12-10 13:58:19'),(61,'UMSA-ACE-019','Aceite para Transmisiones Autom. MARAVEN','Líquido hidráulico 946ml/Unid',7,2,5,50,'UNIDAD',NULL,'Estante F2 - Transmisión automática',1,'2025-12-10 13:58:19'),(62,'UMSA-ACE-020','Power Steering Fluid STP','Líquido de dirección asistida 946ml/Unid',7,4,3,30,'UNIDAD',NULL,'Estante F3 - Dirección',1,'2025-12-10 13:58:19'),(63,'UMSA-ACE-021','Pro Tac Plus AMALIE','Grasa multiusos 397g',7,2,3,30,'UNIDAD',NULL,'Estante G1 - Grasas',1,'2025-12-10 13:58:19'),(64,'UMSA-ACE-022','Grasa de Caliper VERSACHEM','Grasa para caliper 18g',7,4,5,50,'UNIDAD',NULL,'Estante G1 - Grasas',1,'2025-12-10 13:58:19'),(65,'UMSA-ACE-023','Grasa de Rodamiento SKF','Grasa para rodamientos 1000g',7,1,3,30,'UNIDAD',NULL,'Estante G1 - Grasas',1,'2025-12-10 13:58:19'),(66,'UMSA-ACE-024','Fijador de Tornillos ECOM-MR','Fluido fijador 10g/Unid',7,2,5,50,'UNIDAD',NULL,'Estante G1 - Grasas',1,'2025-12-10 13:58:19'),(67,'UMSA-ACE-025','Producto Multiusos Multi-use-Product','Aerosol multiusos 226g/277ml',7,24,10,100,'UNIDAD',NULL,'Estante G2 - Aerosoles',1,'2025-12-10 13:58:19'),(68,'UMSA-ELE-001','Bujía NGK 6376-LFR5A-11','Bujía eléctrica NGK - Solo quedan dos piezas',8,2,5,50,'UNIDAD',NULL,'Estante H1 - Bujías',1,'2025-12-10 14:00:58'),(69,'UMSA-ELE-002','Bujía NGK 2610-AP5FS','Bujía eléctrica NGK',8,6,5,50,'UNIDAD',NULL,'Estante H1 - Bujías',1,'2025-12-10 14:00:58'),(70,'UMSA-ELE-003','Bujía NGK LFR5AGP','Bujía eléctrica NGK',8,8,5,50,'UNIDAD',NULL,'Estante H1 - Bujías',1,'2025-12-10 14:00:58'),(71,'UMSA-ELE-004','Bujía NISSAN B2401-W8915','Bujía eléctrica Nissan',8,12,10,100,'UNIDAD',NULL,'Estante H1 - Bujías',1,'2025-12-10 14:00:58'),(72,'UMSA-ELE-005','Bujía NISSAN 22401-8H515','Bujía eléctrica Nissan',8,20,10,100,'UNIDAD',NULL,'Estante H1 - Bujías',1,'2025-12-10 14:00:58'),(73,'UMSA-ELE-006','Bujía NISSAN 22401-50Y06','Bujía eléctrica Nissan - Solo quedan cuatro piezas',8,4,5,50,'UNIDAD',NULL,'Estante H1 - Bujías',1,'2025-12-10 14:00:58'),(74,'UMSA-ELE-007','Condensador TOYOTA 19133-60040','Condensador eléctrico Toyota',8,3,3,30,'UNIDAD',NULL,'Estante H2 - Condensadores',1,'2025-12-10 14:00:58'),(75,'UMSA-ELE-008','Condensador NISSAN 22102-01M11','Condensador eléctrico Nissan - Solo queda una pieza',8,1,3,30,'UNIDAD',NULL,'Estante H2 - Condensadores',1,'2025-12-10 14:00:58'),(76,'UMSA-ELE-009','Condensador NISSAN 22102-03J10','Condensador eléctrico Nissan',8,3,3,30,'UNIDAD',NULL,'Estante H2 - Condensadores',1,'2025-12-10 14:00:58'),(77,'UMSA-ELE-010','Condensador CENTURY 2003-4534','Condensador eléctrico Century - Solo queda una pieza',8,1,3,30,'UNIDAD',NULL,'Estante H2 - Condensadores',1,'2025-12-10 14:00:58'),(78,'UMSA-ELE-011','Platino TOYOTA 19145-26060','Platino eléctrico Toyota',8,2,3,30,'UNIDAD',NULL,'Estante H3 - Platino',1,'2025-12-10 14:00:58'),(79,'UMSA-ELE-012','Platino NISSAN 22145-89901','Platino eléctrico Nissan',8,1,3,30,'UNIDAD',NULL,'Estante H3 - Platino',1,'2025-12-10 14:00:58'),(80,'UMSA-ELE-013','Platino CENTURY 2000-9526','Platino eléctrico Century',8,1,3,30,'UNIDAD',NULL,'Estante H3 - Platino',1,'2025-12-10 14:00:58'),(81,'UMSA-ELE-014','Focos 2-filamentos Sin Código','Focos eléctricos de 2 filamentos',8,4,5,50,'UNIDAD',NULL,'Estante H4 - Focos',1,'2025-12-10 14:00:58'),(82,'UMSA-ELE-015','Focos 1-filamento Sin Código','Focos eléctricos de 1 filamento',8,4,5,50,'UNIDAD',NULL,'Estante H4 - Focos',1,'2025-12-10 14:00:58'),(83,'UMSA-ELE-016','Carbones NISSAN Sin Código','Carbones eléctricos Nissan - 4 Piezas por unidad',8,1,3,30,'JUEGO',NULL,'Estante H5 - Carbones',1,'2025-12-10 14:00:58'),(84,'UMSA-ELE-017','Solenoide-motor arranque ZM-1717-12V','Solenoide para motor de arranque',8,1,2,20,'UNIDAD',NULL,'Estante H6 - Solenoides',1,'2025-12-10 14:00:58'),(85,'UMSA-ELE-018','Regulador de Voltaje ECHLIN VR438','Regulador de voltaje eléctrico',8,2,3,30,'UNIDAD',NULL,'Estante H6 - Reguladores',1,'2025-12-10 14:00:58'),(86,'UMSA-ELE-019','Interruptor de Arranque DREIK Sin Código','Interruptor de arranque eléctrico',8,1,3,30,'UNIDAD',NULL,'Estante H6 - Interruptores',1,'2025-12-10 14:00:58'),(87,'UMSA-ELE-020','Juego de Cables (Chicotillos) SEIWA 22450-37J28','Juego de cables eléctricos para Nissan - 7 Piezas',8,2,3,30,'JUEGO',NULL,'Estante H7 - Cables',1,'2025-12-10 14:00:58'),(88,'UMSA-LUC-001','Faro Antinieblina HELLA','Faro antinieblina eléctrico - Uno sin soporte para instalación',9,4,2,20,'UNIDAD',NULL,'Estante I1 - Faros',1,'2025-12-10 14:00:58'),(89,'UMSA-LUC-002','Faro Antinieblina Sin Marca','Faro antinieblina sin marca específica',9,1,2,20,'UNIDAD',NULL,'Estante I1 - Faros',1,'2025-12-10 14:00:58'),(90,'UMSA-LUC-003','Bocina de Cuerno de Trompeta HELLA','Bocina eléctrica de cuerno de trompeta - 2 Piezas',9,1,2,20,'JUEGO',NULL,'Estante I2 - Bocinas',1,'2025-12-10 14:00:58'),(91,'UMSA-LUC-004','Bocina de Compresor HELLA','Bocina de compresor de aire - 2 Piezas',9,1,2,20,'JUEGO',NULL,'Estante I2 - Bocinas',1,'2025-12-10 14:00:58'),(164,'UMSA-ROD-001','Rodamiento NISSAN-GROUP 30502-69F1A','Rodamiento Nissan',16,1,2,20,'UNIDAD',NULL,'Estante K1 - Rodamientos Nissan',1,'2025-12-10 14:07:21'),(165,'UMSA-ROD-002','Rodamiento NISSAN-GROUP 40030-VB000','Rodamiento Nissan',16,4,5,50,'UNIDAD',NULL,'Estante K1 - Rodamientos Nissan',1,'2025-12-10 14:07:21'),(166,'UMSA-ROD-003','Rodamiento NISSAN-GROUP 49202-01J85','Rodamiento Nissan',16,1,2,20,'UNIDAD',NULL,'Estante K1 - Rodamientos Nissan',1,'2025-12-10 14:07:21'),(167,'UMSA-ROD-004','Rodamiento KOYO-BALL&ROLLER 30304AJR','Rodamiento Koyo',16,4,5,50,'UNIDAD',NULL,'Estante K2 - Rodamientos KOYO',1,'2025-12-10 14:07:21'),(168,'UMSA-ROD-005','Rodamiento LC-UCR LM501349-L LM501310-L','Rodamiento LC-UCR',16,1,2,20,'UNIDAD',NULL,'Estante K2 - Rodamientos Varios',1,'2025-12-10 14:07:21'),(169,'UMSA-ROD-006','Rodamiento NTN 16004C3','Rodamiento NTN',16,1,2,20,'UNIDAD',NULL,'Estante K2 - Rodamientos NTN',1,'2025-12-10 14:07:21'),(170,'UMSA-ROD-007','Rodamiento NSK 6203DDU','Rodamiento NSK',16,1,2,20,'UNIDAD',NULL,'Estante K3 - Rodamientos NSK',1,'2025-12-10 14:07:21'),(171,'UMSA-ROD-008','Rodamiento NSK B10-50T','Rodamiento NSK',16,1,2,20,'UNIDAD',NULL,'Estante K3 - Rodamientos NSK',1,'2025-12-10 14:07:21'),(172,'UMSA-AMO-001','Amortiguador KYN-PREMIUM 444012','Shock absorber KYN-PREMIUM',16,4,2,20,'UNIDAD',NULL,'Estante K4 - Amortiguadores KYN',1,'2025-12-10 14:07:21'),(173,'UMSA-AMO-002','Amortiguador KYN-PREMIUM 444117','Shock absorber KYN-PREMIUM',16,2,2,20,'UNIDAD',NULL,'Estante K4 - Amortiguadores KYN',1,'2025-12-10 14:07:21'),(174,'UMSA-AMO-003','Amortiguador TOKIO 3338','Shock absorber TOKIO',16,2,2,20,'UNIDAD',NULL,'Estante K4 - Amortiguadores TOKIO',1,'2025-12-10 14:07:21'),(175,'UMSA-REF-001','Válvula de agua NISSAN-GROUP 2123,0-3RC1A','Válvula de agua/termostato para Nissan X-Trail - Kits de reparación',17,1,2,20,'UNIDAD',NULL,'Estante L1 - Refrigeración Nissan',1,'2025-12-10 14:07:21'),(176,'UMSA-REF-002','Termostato ASSY NISSAN-GROUP 21200-EA000','Termostato assembly para Nissan X-Trail',17,1,2,20,'UNIDAD',NULL,'Estante L1 - Refrigeración Nissan',1,'2025-12-10 14:07:21'),(177,'UMSA-NEU-001','Neumáticos DUNLOP 215/65R16-102H','Neumáticos para Nissan X-Trail - 4 Piezas',18,1,2,10,'JUEGO',NULL,'Almacén exterior - Zona neumáticos',1,'2025-12-10 14:13:51'),(178,'UMSA-NEU-002','Neumáticos DUNLOP 275/70R16-114T','Neumáticos para Nissan Patrol - 4 Piezas',18,1,2,10,'JUEGO',NULL,'Almacén exterior - Zona neumáticos',1,'2025-12-10 14:13:51'),(179,'UMSA-BUJ-001','Buje de Brazo NISSAN GROUP 55045-06J00','Buje de brazo Nissan',19,4,5,50,'UNIDAD',NULL,'Estante N1 - Bujes Nissan',1,'2025-12-10 14:13:51'),(180,'UMSA-BUJ-002','Buje de Brazo NISSAN GROUP 54560-01J00','Buje de brazo Nissan',19,8,10,100,'UNIDAD',NULL,'Estante N1 - Bujes Nissan',1,'2025-12-10 14:13:51'),(181,'UMSA-BUJ-003','Casquillo de Goma NISSAN GROUP 54476-01J00','Casquillo de goma Nissan',19,8,10,100,'UNIDAD',NULL,'Estante N1 - Bujes Nissan',1,'2025-12-10 14:13:51'),(182,'UMSA-BUJ-004','Soporte de Motor NISSAN GROUP 11210-VC300','Soporte de motor Nissan',19,2,3,30,'UNIDAD',NULL,'Estante N1 - Soporte motor',1,'2025-12-10 14:13:51'),(183,'UMSA-BUJ-005','Soporte de Motor NISSAN GROUP 11220-8H300','Soporte de motor Nissan',19,1,3,30,'UNIDAD',NULL,'Estante N1 - Soporte motor',1,'2025-12-10 14:13:51'),(184,'UMSA-BUJ-006','Buje Barra Tensora TRC AUTO PARTS 48702-60050','Buje para barra tensora - 4 Piezas',19,2,3,30,'JUEGO',NULL,'Estante N2 - Bujes TRC',1,'2025-12-10 14:13:51'),(185,'UMSA-BUJ-007','Goma Caucho Soporte TRC AUTO PARTS 90389-18002','Goma de caucho para soporte - 22 Piezas',19,1,5,50,'JUEGO',NULL,'Estante N2 - Gomas varios',1,'2025-12-10 14:13:51'),(186,'UMSA-BUJ-008','Muñón de Suspensión GS-P GENUINE K80026','Muñón de suspensión - Uno sin chaveta de anillo (abierto)',19,2,3,30,'UNIDAD',NULL,'Estante N3 - Muñones',1,'2025-12-10 14:13:51'),(187,'UMSA-BUJ-009','Muñón Rotula Inferior TVA-CHASSIS PARTS TVA-K8195','Muñón rotula inferior - Uno solo con una chaveta de presión (abierto)',19,2,3,30,'UNIDAD',NULL,'Estante N3 - Muñones',1,'2025-12-10 14:13:51'),(188,'UMSA-BUJ-010','Barra Estabilizadora SANKEI INDUSTRY 54618-3W400-M','Barra estabilizadora - 2 Piezas',19,1,2,20,'JUEGO',NULL,'Estante N4 - Barras estabilizadoras',1,'2025-12-10 14:13:51'),(189,'UMSA-MOT-001','Guía de Válvulas ROCKY 13213-21010','Guía de válvulas para TB42 (Nissan) - 8 Piezas',20,1,2,20,'JUEGO',NULL,'Estante O1 - Guías válvulas',1,'2025-12-10 14:16:46'),(190,'UMSA-MOT-002','Interruptor de Presión de Aceite ECHLIN OP6622','Interruptor de presión de aceite',20,1,3,30,'UNIDAD',NULL,'Estante O2 - Interruptores',1,'2025-12-10 14:16:46'),(191,'UMSA-MOT-003','Bomba de Combustible HYOSAN NP-737','Bomba de combustible Hyosan',20,1,2,20,'UNIDAD',NULL,'Estante O3 - Bombas combustible',1,'2025-12-10 14:16:46'),(192,'UMSA-MOT-004','Bomba de Combustible KYOSAN 9J10C','Bomba de combustible para Toyota 2F',20,1,2,20,'UNIDAD',NULL,'Estante O3 - Bombas combustible',1,'2025-12-10 14:16:46'),(193,'UMSA-MOT-005','Bomba de Combustible NISSAN GROUP 17010-03J28','Bomba de combustible para Nissan',20,1,2,20,'UNIDAD',NULL,'Estante O3 - Bombas combustible',1,'2025-12-10 14:16:46'),(194,'UMSA-MOT-006','Bomba de Agua T&T NEW PUMPS AW4020N','Bomba de agua para Ford',20,1,2,20,'UNIDAD',NULL,'Estante O4 - Bombas agua',1,'2025-12-10 14:16:46'),(195,'UMSA-MOT-007','Cilindro Maestro JBS MB-618717','Cilindro maestro para Mitsubishi',20,1,2,20,'UNIDAD',NULL,'Estante O5 - Cilindros maestros',1,'2025-12-10 14:16:46'),(196,'UMSA-MOT-008','Cilindro Maestro NISSAN PARTS 46010-01J00','Cilindro maestro para Nissan',20,1,2,20,'UNIDAD',NULL,'Estante O5 - Cilindros maestros',1,'2025-12-10 14:16:46'),(197,'UMSA-MOT-009','Cilindro Maestro BENDIX Y11854','Cilindro maestro Bendix',20,1,2,20,'UNIDAD',NULL,'Estante O5 - Cilindros maestros',1,'2025-12-10 14:16:46'),(198,'UMSA-MOT-010','Empaque Motor G-LANDSTAR 04111-61012','Juego de juntas para Toyota - Desconocido contenido (abierto)',20,1,2,20,'JUEGO',NULL,'Estante O6 - Empaques motor',1,'2025-12-10 14:16:46'),(199,'UMSA-MOT-011','Empaque Motor PEVISA GASKETS FS-3824','Juego de juntas para Ford - Desconocido contenido (abierto)',20,1,2,20,'JUEGO',NULL,'Estante O6 - Empaques motor',1,'2025-12-10 14:16:46'),(200,'UMSA-MOT-012','Empaque Motor VICTOR REINZ 98-3013VR','Juego de juntas - Desconocido contenido (abierto)',20,1,2,20,'JUEGO',NULL,'Estante O6 - Empaques motor',1,'2025-12-10 14:16:46'),(201,'UMSA-MOT-013','Empaque PEVISA GASKETS FS-80180-TG','Empaque motor - Abierto y empaque roto',20,1,2,20,'UNIDAD',NULL,'Estante O6 - Empaques motor',1,'2025-12-10 14:16:46'),(202,'UMSA-MOT-014','Empaque PEVISA GASKETS FS-80180-TG','Empaque motor - Desconocido contenido (abierto)',20,1,2,20,'UNIDAD',NULL,'Estante O6 - Empaques motor',1,'2025-12-10 14:16:46'),(203,'UMSA-MOT-015','Empaque PEVISA GASKETS FS-88006*TG','Empaque motor - Desconocido contenido (abierto)',20,1,2,20,'UNIDAD',NULL,'Estante O6 - Empaques motor',1,'2025-12-10 14:16:46'),(204,'UMSA-MOT-016','Empaque TOYOTA 04111-0C109','Empaque motor Toyota - Sin empaques, incompletos',20,1,2,20,'JUEGO',NULL,'Estante O6 - Empaques motor',1,'2025-12-10 14:16:46'),(205,'UMSA-TRA-001','Crucetas de Cardan TOYO UNIVERSAL TT-120','Crucetas para cardan',21,1,3,30,'UNIDAD',NULL,'Estante P1 - Crucetas',1,'2025-12-10 14:16:46'),(206,'UMSA-TRA-002','Crucetas de Cardan CIB UNIVERSAL GUMZ-12','Crucetas para cardan',21,2,3,30,'UNIDAD',NULL,'Estante P1 - Crucetas',1,'2025-12-10 14:16:46'),(207,'UMSA-TRA-003','Horquilla de Cardan PROPELLERS PARTS 27180-83001','Horquilla para cardan',21,1,2,20,'UNIDAD',NULL,'Estante P1 - Horquillas',1,'2025-12-10 14:16:46'),(208,'UMSA-TRA-004','Kit Embrague CLUTCH COVER NSC-677','Kit de embrague para QR25 - Prensa, disco y rodamiento desplazador',21,1,2,20,'JUEGO',NULL,'Estante P2 - Kits embrague',1,'2025-12-10 14:16:46'),(209,'UMSA-TRA-005','Kit Embrague CLUTCH COVER NSC-527','Kit de embrague para KA24 - Prensa, disco y rodamiento desplazador',21,1,2,20,'JUEGO',NULL,'Estante P2 - Kits embrague',1,'2025-12-10 14:16:46'),(210,'UMSA-TRA-006','Kit Embrague LUK(SCHAEFFLER) 625-3044-090','Kit de embrague para Ford Ranger - Prensa, disco y rodamiento desplazador',21,1,2,20,'JUEGO',NULL,'Estante P2 - Kits embrague',1,'2025-12-10 14:16:46'),(211,'UMSA-CIL-001','Cilindro de Freno FUJIURA LTD 44100-01J11','Cilindro de freno',22,2,3,30,'UNIDAD',NULL,'Estante Q1 - Cilindros freno',1,'2025-12-10 14:16:46'),(212,'UMSA-CIL-002','Kit de Freno FUJIURA LTD 04493-60020','Kit de freno para Toyota - 2 Piezas',22,1,2,20,'JUEGO',NULL,'Estante Q1 - Kits freno',1,'2025-12-10 14:16:46'),(213,'UMSA-CHA-001','Cinta Masking Verde COLAD ART-900419','Cinta de enmascarar verde para pintura',23,42,10,100,'UNIDAD',NULL,'Estante R1 - Cintas masking',1,'2025-12-10 14:20:35'),(214,'UMSA-CHA-002','Cera Pulidora FARÉCLA','Cera para pulido de carrocería - 1000ltr',23,2,5,50,'UNIDAD',NULL,'Estante R1 - Productos pulido',1,'2025-12-10 14:20:35'),(215,'UMSA-CHA-003','Crema Pulidora FARÉCLA','Crema para pulido - Presuntamente abierta una de las tapas (manchado) - 1000g',23,3,5,50,'UNIDAD',NULL,'Estante R1 - Productos pulido',1,'2025-12-10 14:20:35'),(216,'UMSA-CHA-004','Limpiador Cera Spray FARÉCLA','Limpiador de cera spray para llantas y carrocería - 500ml - Uno en medio uso',23,4,5,50,'UNIDAD',NULL,'Estante R1 - Limpiadores',1,'2025-12-10 14:20:35'),(217,'UMSA-CHA-005','Pistola de Pintura Passione Straordinaria AH15070001A','Pistola de pintura profesional - 3 Piezas',23,1,2,10,'JUEGO',NULL,'Estante R2 - Pistolas pintura',1,'2025-12-10 14:20:35'),(218,'UMSA-CHA-006','Casco de Soldar-OJO INCO','Casco de soldar - Solo tiene una lente de protección, no cuenta con el casco completo',23,1,2,10,'UNIDAD',NULL,'Estante R2 - Equipo protección',1,'2025-12-10 14:20:35'),(219,'UMSA-CHA-007','Esponja de Pulir FARÉCLA GMC818','Esponja para pulido - Uno de los paquetes abierto',23,5,5,50,'UNIDAD',NULL,'Estante R2 - Esponjas pulido',1,'2025-12-10 14:20:35'),(220,'UMSA-CHA-008','Esponja de Pulir para Acabado FARÉCLA GMF801','Esponja de pulir para acabado fino',23,2,5,50,'UNIDAD',NULL,'Estante R2 - Esponjas pulido',1,'2025-12-10 14:20:35'),(221,'UMSA-CHA-009','Cepillo de Acero Tipo Risado TRUPER','Cepillo de acero para limpieza y preparación de superficies',23,2,5,50,'UNIDAD',NULL,'Estante R3 - Cepillos',1,'2025-12-10 14:20:35'),(222,'UMSA-CHA-010','Cepillo de Alambre de Acero TRUPER','Cepillo de alambre de acero para limpieza pesada',23,1,3,30,'UNIDAD',NULL,'Estante R3 - Cepillos',1,'2025-12-10 14:20:35'),(223,'UMSA-CHA-011','Brocha Paint Brush PRETUL','Brocha para pintura',23,1,5,50,'UNIDAD',NULL,'Estante R3 - Brochas',1,'2025-12-10 14:20:35'),(224,'UMSA-LIMP-001','Detergente en polvo Surf Ace','Detergente en polvo Surf - 150g/unid',24,220,50,500,'UNIDAD',NULL,'Almacén limpieza A1 - Detergentes',1,'2025-12-10 14:24:45'),(225,'UMSA-LIMP-002','Detergente en polvo OMO','Detergente en polvo OMO - 150g/unid - Hacer nuevo pedido',24,1,50,500,'UNIDAD',NULL,'Almacén limpieza A1 - Detergentes',1,'2025-12-10 14:24:45'),(226,'UMSA-LIMP-003','Limpiador de piso Ola','Desinfectante para pisos - 5L/unid - 3 unidades con tapas dañadas',24,4,5,50,'UNIDAD',NULL,'Almacén limpieza A2 - Desinfectantes',1,'2025-12-10 14:24:45'),(227,'UMSA-LIMP-004','Lava vajillas BriMax','Detergente líquido para vajillas - 5L/unid',24,8,5,50,'UNIDAD',NULL,'Almacén limpieza A2 - Detergentes líquidos',1,'2025-12-10 14:24:45'),(228,'UMSA-LIMP-005','Lavandina concentrada Real Futura','Cloro concentrado - 5L/unid - 1 botellón a medio uso, 2 con fuga inferior',24,4,5,50,'UNIDAD',NULL,'Almacén limpieza B1 - Cloros',1,'2025-12-10 14:24:45'),(229,'UMSA-LIMP-006','Lavandina concentrada Virgilia 5L','Cloro concentrado - 5L/unid - Modelo del botellón distinto',24,7,5,50,'UNIDAD',NULL,'Almacén limpieza B1 - Cloros',1,'2025-12-10 14:24:45'),(230,'UMSA-LIMP-007','Lavandina concentrada Virgilia 10L','Cloro concentrado - 10L/unid',24,1,2,20,'UNIDAD',NULL,'Almacén limpieza B1 - Cloros',1,'2025-12-10 14:24:45'),(231,'UMSA-LIMP-008','Antigrasa Ola Maximus','Saca grasa - 5L/unid',24,1,3,30,'UNIDAD',NULL,'Almacén limpieza B2 - Especializados',1,'2025-12-10 14:24:45'),(232,'UMSA-LIMP-009','Gel sanitizador Carissa','Desinfectante de manos - 5L/unid - Una unidad en uso',24,2,3,30,'UNIDAD',NULL,'Almacén limpieza B2 - Desinfectantes manos',1,'2025-12-10 14:24:45'),(233,'UMSA-LIMP-010','Jabón líquido Liz','Desinfectante de manos - 360ml/unid - Una unidad en uso',24,6,10,100,'UNIDAD',NULL,'Almacén limpieza B2 - Jabones manos',1,'2025-12-10 14:24:45'),(234,'UMSA-LIMP-011','Alcohol Caiman','Alcohol etílico - 16L/unid',24,1,2,20,'UNIDAD',NULL,'Almacén limpieza C1 - Alcohol',1,'2025-12-10 14:24:45'),(235,'UMSA-LIMP-012','Alcohol etílico Aguaì','Alcohol etílico - 1L/unid',24,1,5,50,'UNIDAD',NULL,'Almacén limpieza C1 - Alcohol',1,'2025-12-10 14:24:45'),(236,'UMSA-LIMP-013','Ambientador Sapolio','Aromatizador de ambientes - 360ml/unid',24,39,20,200,'UNIDAD',NULL,'Almacén limpieza C2 - Ambientadores',1,'2025-12-10 14:24:45'),(237,'UMSA-LIMP-014','Desinfectante Lysoform','Aerosol desinfectante para ambientes y superficies - 360ml/unid',24,6,10,100,'UNIDAD',NULL,'Almacén limpieza C2 - Desinfectantes aerosol',1,'2025-12-10 14:24:45'),(238,'UMSA-LIMP-015','Desatorador Sur Cloro','Soda cáustica para desatorar tuberías',24,5,5,50,'UNIDAD',NULL,'Almacén limpieza C3 - Productos baño',1,'2025-12-10 14:24:45'),(239,'UMSA-LIMP-016','Pastilla para inodoros Ola aromatic','Aromatizante para inodoros - 40g/unid',24,20,10,100,'UNIDAD',NULL,'Almacén limpieza C3 - Productos baño',1,'2025-12-10 14:24:45'),(240,'UMSA-EPP-001','Guantes de aseo Jhon','Guantes de goma para limpieza - 1 par',26,1,5,50,'PAR',NULL,'Almacén EPP A1 - Guantes',1,'2025-12-10 14:24:45'),(241,'UMSA-EPP-002','Guantes quirúrgicos Maxter','Guantes de nitrilo azul - Talla L - 7 pares',26,7,10,100,'PAR',NULL,'Almacén EPP A1 - Guantes',1,'2025-12-10 14:24:45'),(242,'UMSA-EPP-003','Protector de boca Face Mask','Barbijos varios - 19 unidades (uno es KN95)',26,19,20,200,'UNIDAD',NULL,'Almacén EPP A2 - Barbijos',1,'2025-12-10 14:24:45'),(243,'UMSA-EPP-004','Gorra desechable Asatex','Gorro quirúrgico desechable - 58 unidades - En uso',26,58,50,500,'UNIDAD',NULL,'Almacén EPP A2 - Gorros',1,'2025-12-10 14:24:45'),(244,'UMSA-ACC-LIM-001','Toallas absorbentes Perla','Toallas para limpieza',27,4,10,100,'UNIDAD',NULL,'Almacén accesorios B1 - Toallas',1,'2025-12-10 14:24:45'),(245,'UMSA-ACC-LIM-002','Bolsa basurera Ola','Bolsas para basura',27,57,50,500,'UNIDAD',NULL,'Almacén accesorios B1 - Bolsas',1,'2025-12-10 14:24:45'),(246,'UMSA-ACC-LIM-003','Dispensador de jabón líquido Copelme','Dispensador grande para jabón líquido',27,1,2,20,'UNIDAD',NULL,'Almacén accesorios B2 - Dispensadores',1,'2025-12-10 14:24:45'),(247,'UMSA-ACC-LIM-004','Dispensador de jabón líquido M&A','Dispensador pequeño para jabón líquido',27,1,2,20,'UNIDAD',NULL,'Almacén accesorios B2 - Dispensadores',1,'2025-12-10 14:24:45'),(248,'UMSA-ACC-LIM-005','Cepillo de mano','Cepillo para limpieza manual',27,7,5,50,'UNIDAD',NULL,'Almacén accesorios B2 - Cepillos',1,'2025-12-10 14:24:45'),(249,'UMSA-ACC-LIM-006','Balde de plástico anaranjado Papelera Plasticos','Balde para limpieza',27,3,5,50,'UNIDAD',NULL,'Almacén accesorios B3 - Báldes',1,'2025-12-10 14:24:45'),(250,'UMSA-ACC-LIM-007','Cepillo de fibra dura La reinera','Cepillo empujador grande',27,3,5,50,'UNIDAD',NULL,'Almacén accesorios B3 - Cepillos grandes',1,'2025-12-10 14:24:45'),(251,'UMSA-ACC-LIM-008','Cepillo de fibra dura Superpro','Cepillo empujador mediano',27,1,3,30,'UNIDAD',NULL,'Almacén accesorios B3 - Cepillos medianos',1,'2025-12-10 14:24:45'),(252,'UMSA-ACC-LIM-009','Cepillo de fibra dura Colombia','Cepillo empujador pequeño',27,1,3,30,'UNIDAD',NULL,'Almacén accesorios B3 - Cepillos pequeños',1,'2025-12-10 14:24:45'),(253,'UMSA-ACC-LIM-010','Cepillo de fibra dura La gauchita','Cepillo de fibra dura para limpieza',27,3,5,50,'UNIDAD',NULL,'Almacén accesorios B3 - Cepillos fibra',1,'2025-12-10 14:24:45'),(254,'UMSA-ACC-LIM-011','Palos de escoba Ninguna','Palos para escobas',27,13,10,100,'UNIDAD',NULL,'Almacén accesorios B3 - Palos escoba',1,'2025-12-10 14:24:45'),(255,'UMSA-ACC-LIM-012','Franela absorbente','Franelas para limpieza - Metros',27,23,20,200,'METRO',NULL,'Almacén accesorios B4 - Franelas',1,'2025-12-10 14:24:45'),(256,'UMSA-ACC-LIM-013','Trapo Ninguna','Trapo para limpieza general',27,1,10,100,'UNIDAD',NULL,'Almacén accesorios B4 - Trapos',1,'2025-12-10 14:24:45'),(257,'UMSA-VEH-LIM-001','Silicona lavanda Team','Silicona para interior vehicular - 480ml/unid',25,8,10,100,'UNIDAD',NULL,'Almacén vehicular C1 - Siliconas',1,'2025-12-10 14:24:45'),(258,'UMSA-VEH-LIM-002','Silicona autobrillo Veston','Silicona para autobrillo - 320ml/unid',25,50,20,200,'UNIDAD',NULL,'Almacén vehicular C1 - Siliconas',1,'2025-12-10 14:24:45'),(259,'UMSA-VEH-LIM-003','Son of a gun STP','Producto para aseo de neumáticos',25,33,10,100,'UNIDAD',NULL,'Almacén vehicular C2 - Productos neumáticos',1,'2025-12-10 14:24:45'),(260,'UMSA-VEH-LIM-004','Ambientador tipo arbolito Areon','Ambientador para vehículos',25,9,10,100,'UNIDAD',NULL,'Almacén vehicular C2 - Ambientadores',1,'2025-12-10 14:24:45'),(261,'UMSA-VEH-LIM-005','Protector y Abrillantador de Vinyl NISSAN','Producto para vinilos - 567ml',25,1,5,50,'UNIDAD',NULL,'Almacén vehicular C3 - Protectores',1,'2025-12-10 14:24:45'),(262,'UMSA-VEH-LIM-006','Shampoo Limpiaparabrisas NISSAN','Detergente para parabrisas - 200ml',25,1,5,50,'UNIDAD',NULL,'Almacén vehicular C3 - Shampoo',1,'2025-12-10 14:24:45'),(263,'UMSA-C48DONJF5','Prueba','qwdfghmnbvc',3,8,2,83,'UNIDAD',40.00,'estante 2A',1,'2025-12-11 19:37:56');
/*!40000 ALTER TABLE `items_inventario` ENABLE KEYS */;
UNLOCK TABLES;

--
-- Table structure for table `movimientos_inventario`
--

DROP TABLE IF EXISTS `movimientos_inventario`;
/*!40101 SET @saved_cs_client     = @@character_set_client */;
/*!50503 SET character_set_client = utf8mb4 */;
CREATE TABLE `movimientos_inventario` (
  `id` int NOT NULL AUTO_INCREMENT,
  `item_id` int NOT NULL,
  `tipo_movimiento` enum('ENTRADA','SALIDA','AJUSTE') COLLATE utf8mb4_unicode_ci NOT NULL,
  `cantidad` int NOT NULL,
  `stock_anterior` int NOT NULL,
  `stock_actual` int NOT NULL,
  `motivo` text COLLATE utf8mb4_unicode_ci,
  `referencia_id` int DEFAULT NULL,
  `usuario_id` int NOT NULL,
  `creado_en` timestamp NULL DEFAULT CURRENT_TIMESTAMP,
  PRIMARY KEY (`id`),
  KEY `usuario_id` (`usuario_id`),
  KEY `idx_movimientos_item` (`item_id`),
  CONSTRAINT `movimientos_inventario_ibfk_1` FOREIGN KEY (`item_id`) REFERENCES `items_inventario` (`id`),
  CONSTRAINT `movimientos_inventario_ibfk_2` FOREIGN KEY (`usuario_id`) REFERENCES `usuarios` (`id`)
) ENGINE=InnoDB AUTO_INCREMENT=295 DEFAULT CHARSET=utf8mb4 COLLATE=utf8mb4_unicode_ci;
/*!40101 SET character_set_client = @saved_cs_client */;

--
-- Dumping data for table `movimientos_inventario`
--

LOCK TABLES `movimientos_inventario` WRITE;
/*!40000 ALTER TABLE `movimientos_inventario` DISABLE KEYS */;
INSERT INTO `movimientos_inventario` VALUES (1,5,'ENTRADA',3,0,3,'Stock inicial',NULL,1,'2025-11-26 01:26:28'),(2,2,'ENTRADA',2,15,17,'mantenimiento',NULL,1,'2025-12-03 15:18:05'),(3,2,'SALIDA',4,17,13,'uso en vehicullo ...',NULL,1,'2025-12-03 15:18:28'),(4,2,'ENTRADA',5,13,18,'Reposición de stock',NULL,1,'2025-12-04 22:01:36'),(5,2,'SALIDA',5,18,13,'reparacion',NULL,1,'2025-12-04 22:02:02'),(6,2,'AJUSTE',-1,13,12,'Ajuste de inventario',NULL,1,'2025-12-04 22:02:44'),(7,6,'ENTRADA',10,0,10,'Stock inicial',NULL,1,'2025-12-05 14:34:04'),(8,5,'SALIDA',4,6,2,'mantenimiento',NULL,1,'2025-12-05 14:43:33'),(9,5,'AJUSTE',8,2,10,'Ajuste de inventario',NULL,1,'2025-12-05 21:52:08'),(10,7,'ENTRADA',1,0,1,'Stock inicial',NULL,1,'2025-12-06 17:22:52'),(11,8,'ENTRADA',25,0,25,'Carga inicial desde Excel - Filtros',NULL,1,'2025-12-10 13:52:44'),(12,9,'ENTRADA',24,0,24,'Carga inicial desde Excel - Filtros',NULL,1,'2025-12-10 13:52:44'),(13,10,'ENTRADA',13,0,13,'Carga inicial desde Excel - Filtros',NULL,1,'2025-12-10 13:52:44'),(14,11,'ENTRADA',1,0,1,'Carga inicial desde Excel - Filtros',NULL,1,'2025-12-10 13:52:44'),(15,12,'ENTRADA',1,0,1,'Carga inicial desde Excel - Filtros',NULL,1,'2025-12-10 13:52:44'),(16,13,'ENTRADA',0,0,0,'Carga inicial desde Excel - Filtros',NULL,1,'2025-12-10 13:52:44'),(17,14,'ENTRADA',2,0,2,'Carga inicial desde Excel - Filtros',NULL,1,'2025-12-10 13:52:44'),(18,15,'ENTRADA',2,0,2,'Carga inicial desde Excel - Filtros',NULL,1,'2025-12-10 13:52:44'),(19,16,'ENTRADA',1,0,1,'Carga inicial desde Excel - Filtros',NULL,1,'2025-12-10 13:52:44'),(20,17,'ENTRADA',1,0,1,'Carga inicial desde Excel - Filtros',NULL,1,'2025-12-10 13:52:44'),(21,18,'ENTRADA',0,0,0,'Carga inicial desde Excel - Filtros',NULL,1,'2025-12-10 13:52:44'),(22,19,'ENTRADA',1,0,1,'Carga inicial desde Excel - Filtros',NULL,1,'2025-12-10 13:52:44'),(23,20,'ENTRADA',1,0,1,'Carga inicial desde Excel - Filtros',NULL,1,'2025-12-10 13:52:44'),(24,21,'ENTRADA',1,0,1,'Carga inicial desde Excel - Filtros',NULL,1,'2025-12-10 13:52:44'),(25,22,'ENTRADA',1,0,1,'Carga inicial desde Excel - Filtros',NULL,1,'2025-12-10 13:52:44'),(26,23,'ENTRADA',1,0,1,'Carga inicial desde Excel - Filtros',NULL,1,'2025-12-10 13:52:44'),(27,24,'ENTRADA',2,0,2,'Carga inicial desde Excel - Filtros',NULL,1,'2025-12-10 13:52:44'),(28,25,'ENTRADA',1,0,1,'Carga inicial desde Excel - Filtros',NULL,1,'2025-12-10 13:52:44'),(29,26,'ENTRADA',1,0,1,'Carga inicial desde Excel - Filtros',NULL,1,'2025-12-10 13:52:44'),(30,27,'ENTRADA',1,0,1,'Carga inicial desde Excel - Filtros',NULL,1,'2025-12-10 13:52:44'),(31,28,'ENTRADA',1,0,1,'Carga inicial desde Excel - Filtros',NULL,1,'2025-12-10 13:52:44'),(32,29,'ENTRADA',1,0,1,'Carga inicial desde Excel - Filtros',NULL,1,'2025-12-10 13:52:44'),(33,30,'ENTRADA',1,0,1,'Carga inicial desde Excel - Filtros',NULL,1,'2025-12-10 13:52:44'),(34,31,'ENTRADA',1,0,1,'Carga inicial desde Excel - Filtros',NULL,1,'2025-12-10 13:52:44'),(35,32,'ENTRADA',1,0,1,'Carga inicial desde Excel - Filtros',NULL,1,'2025-12-10 13:52:44'),(36,33,'ENTRADA',1,0,1,'Carga inicial desde Excel - Filtros',NULL,1,'2025-12-10 13:52:44'),(37,34,'ENTRADA',1,0,1,'Carga inicial desde Excel - Filtros',NULL,1,'2025-12-10 13:52:44'),(38,35,'ENTRADA',1,0,1,'Carga inicial desde Excel - Filtros',NULL,1,'2025-12-10 13:52:44'),(39,36,'ENTRADA',1,0,1,'Carga inicial desde Excel - Filtros',NULL,1,'2025-12-10 13:52:44'),(40,37,'ENTRADA',1,0,1,'Carga inicial desde Excel - Filtros',NULL,1,'2025-12-10 13:52:44'),(41,38,'ENTRADA',1,0,1,'Carga inicial desde Excel - Filtros',NULL,1,'2025-12-10 13:52:44'),(42,39,'ENTRADA',4,0,4,'Carga inicial desde Excel - Filtros',NULL,1,'2025-12-10 13:52:44'),(43,40,'ENTRADA',1,0,1,'Carga inicial desde Excel - Filtros',NULL,1,'2025-12-10 13:52:44'),(44,41,'ENTRADA',1,0,1,'Carga inicial desde Excel - Filtros',NULL,1,'2025-12-10 13:52:44'),(45,42,'ENTRADA',1,0,1,'Carga inicial desde Excel - Filtros',NULL,1,'2025-12-10 13:52:44'),(74,43,'ENTRADA',1,0,1,'Carga inicial desde Excel - Aceites y lubricantes',NULL,1,'2025-12-10 13:58:19'),(75,44,'ENTRADA',12,0,12,'Carga inicial desde Excel - Aceites y lubricantes',NULL,1,'2025-12-10 13:58:19'),(76,45,'ENTRADA',12,0,12,'Carga inicial desde Excel - Aceites y lubricantes',NULL,1,'2025-12-10 13:58:19'),(77,46,'ENTRADA',2,0,2,'Carga inicial desde Excel - Aceites y lubricantes',NULL,1,'2025-12-10 13:58:19'),(78,47,'ENTRADA',3,0,3,'Carga inicial desde Excel - Aceites y lubricantes',NULL,1,'2025-12-10 13:58:19'),(79,48,'ENTRADA',15,0,15,'Carga inicial desde Excel - Aceites y lubricantes',NULL,1,'2025-12-10 13:58:19'),(80,49,'ENTRADA',8,0,8,'Carga inicial desde Excel - Aceites y lubricantes',NULL,1,'2025-12-10 13:58:19'),(81,50,'ENTRADA',4,0,4,'Carga inicial desde Excel - Aceites y lubricantes',NULL,1,'2025-12-10 13:58:19'),(82,51,'ENTRADA',8,0,8,'Carga inicial desde Excel - Aceites y lubricantes',NULL,1,'2025-12-10 13:58:19'),(83,52,'ENTRADA',13,0,13,'Carga inicial desde Excel - Aceites y lubricantes',NULL,1,'2025-12-10 13:58:19'),(84,53,'ENTRADA',15,0,15,'Carga inicial desde Excel - Aceites y lubricantes',NULL,1,'2025-12-10 13:58:19'),(85,54,'ENTRADA',8,0,8,'Carga inicial desde Excel - Aceites y lubricantes',NULL,1,'2025-12-10 13:58:19'),(86,55,'ENTRADA',6,0,6,'Carga inicial desde Excel - Aceites y lubricantes',NULL,1,'2025-12-10 13:58:19'),(87,56,'ENTRADA',35,0,35,'Carga inicial desde Excel - Aceites y lubricantes',NULL,1,'2025-12-10 13:58:19'),(88,57,'ENTRADA',10,0,10,'Carga inicial desde Excel - Aceites y lubricantes',NULL,1,'2025-12-10 13:58:19'),(89,58,'ENTRADA',2,0,2,'Carga inicial desde Excel - Aceites y lubricantes',NULL,1,'2025-12-10 13:58:19'),(90,59,'ENTRADA',2,0,2,'Carga inicial desde Excel - Aceites y lubricantes',NULL,1,'2025-12-10 13:58:19'),(91,60,'ENTRADA',2,0,2,'Carga inicial desde Excel - Aceites y lubricantes',NULL,1,'2025-12-10 13:58:19'),(92,61,'ENTRADA',2,0,2,'Carga inicial desde Excel - Aceites y lubricantes',NULL,1,'2025-12-10 13:58:19'),(93,62,'ENTRADA',4,0,4,'Carga inicial desde Excel - Aceites y lubricantes',NULL,1,'2025-12-10 13:58:19'),(94,63,'ENTRADA',2,0,2,'Carga inicial desde Excel - Aceites y lubricantes',NULL,1,'2025-12-10 13:58:19'),(95,64,'ENTRADA',4,0,4,'Carga inicial desde Excel - Aceites y lubricantes',NULL,1,'2025-12-10 13:58:19'),(96,65,'ENTRADA',1,0,1,'Carga inicial desde Excel - Aceites y lubricantes',NULL,1,'2025-12-10 13:58:19'),(97,66,'ENTRADA',2,0,2,'Carga inicial desde Excel - Aceites y lubricantes',NULL,1,'2025-12-10 13:58:19'),(98,67,'ENTRADA',24,0,24,'Carga inicial desde Excel - Aceites y lubricantes',NULL,1,'2025-12-10 13:58:19'),(105,68,'ENTRADA',2,0,2,'Carga inicial desde Excel - Componentes eléctricos',NULL,1,'2025-12-10 14:00:58'),(106,69,'ENTRADA',6,0,6,'Carga inicial desde Excel - Componentes eléctricos',NULL,1,'2025-12-10 14:00:58'),(107,70,'ENTRADA',8,0,8,'Carga inicial desde Excel - Componentes eléctricos',NULL,1,'2025-12-10 14:00:58'),(108,71,'ENTRADA',12,0,12,'Carga inicial desde Excel - Componentes eléctricos',NULL,1,'2025-12-10 14:00:58'),(109,72,'ENTRADA',20,0,20,'Carga inicial desde Excel - Componentes eléctricos',NULL,1,'2025-12-10 14:00:58'),(110,73,'ENTRADA',4,0,4,'Carga inicial desde Excel - Componentes eléctricos',NULL,1,'2025-12-10 14:00:58'),(111,74,'ENTRADA',3,0,3,'Carga inicial desde Excel - Componentes eléctricos',NULL,1,'2025-12-10 14:00:58'),(112,75,'ENTRADA',1,0,1,'Carga inicial desde Excel - Componentes eléctricos',NULL,1,'2025-12-10 14:00:58'),(113,76,'ENTRADA',3,0,3,'Carga inicial desde Excel - Componentes eléctricos',NULL,1,'2025-12-10 14:00:58'),(114,77,'ENTRADA',1,0,1,'Carga inicial desde Excel - Componentes eléctricos',NULL,1,'2025-12-10 14:00:58'),(115,78,'ENTRADA',2,0,2,'Carga inicial desde Excel - Componentes eléctricos',NULL,1,'2025-12-10 14:00:58'),(116,79,'ENTRADA',1,0,1,'Carga inicial desde Excel - Componentes eléctricos',NULL,1,'2025-12-10 14:00:58'),(117,80,'ENTRADA',1,0,1,'Carga inicial desde Excel - Componentes eléctricos',NULL,1,'2025-12-10 14:00:58'),(118,81,'ENTRADA',4,0,4,'Carga inicial desde Excel - Componentes eléctricos',NULL,1,'2025-12-10 14:00:58'),(119,82,'ENTRADA',4,0,4,'Carga inicial desde Excel - Componentes eléctricos',NULL,1,'2025-12-10 14:00:58'),(120,83,'ENTRADA',1,0,1,'Carga inicial desde Excel - Componentes eléctricos',NULL,1,'2025-12-10 14:00:58'),(121,84,'ENTRADA',1,0,1,'Carga inicial desde Excel - Componentes eléctricos',NULL,1,'2025-12-10 14:00:58'),(122,85,'ENTRADA',2,0,2,'Carga inicial desde Excel - Componentes eléctricos',NULL,1,'2025-12-10 14:00:58'),(123,86,'ENTRADA',1,0,1,'Carga inicial desde Excel - Componentes eléctricos',NULL,1,'2025-12-10 14:00:58'),(124,87,'ENTRADA',2,0,2,'Carga inicial desde Excel - Componentes eléctricos',NULL,1,'2025-12-10 14:00:58'),(136,88,'ENTRADA',4,0,4,'Carga inicial desde Excel - Luces y accesorios',NULL,1,'2025-12-10 14:00:58'),(137,89,'ENTRADA',1,0,1,'Carga inicial desde Excel - Luces y accesorios',NULL,1,'2025-12-10 14:00:58'),(138,90,'ENTRADA',1,0,1,'Carga inicial desde Excel - Luces y accesorios',NULL,1,'2025-12-10 14:00:58'),(139,91,'ENTRADA',1,0,1,'Carga inicial desde Excel - Luces y accesorios',NULL,1,'2025-12-10 14:00:58'),(143,164,'ENTRADA',1,0,1,'Carga inicial desde Excel - Rodamientos y amortiguadores',NULL,1,'2025-12-10 14:07:21'),(144,165,'ENTRADA',4,0,4,'Carga inicial desde Excel - Rodamientos y amortiguadores',NULL,1,'2025-12-10 14:07:21'),(145,166,'ENTRADA',1,0,1,'Carga inicial desde Excel - Rodamientos y amortiguadores',NULL,1,'2025-12-10 14:07:21'),(146,167,'ENTRADA',4,0,4,'Carga inicial desde Excel - Rodamientos y amortiguadores',NULL,1,'2025-12-10 14:07:21'),(147,168,'ENTRADA',1,0,1,'Carga inicial desde Excel - Rodamientos y amortiguadores',NULL,1,'2025-12-10 14:07:21'),(148,169,'ENTRADA',1,0,1,'Carga inicial desde Excel - Rodamientos y amortiguadores',NULL,1,'2025-12-10 14:07:21'),(149,170,'ENTRADA',1,0,1,'Carga inicial desde Excel - Rodamientos y amortiguadores',NULL,1,'2025-12-10 14:07:21'),(150,171,'ENTRADA',1,0,1,'Carga inicial desde Excel - Rodamientos y amortiguadores',NULL,1,'2025-12-10 14:07:21'),(151,172,'ENTRADA',4,0,4,'Carga inicial desde Excel - Rodamientos y amortiguadores',NULL,1,'2025-12-10 14:07:21'),(152,173,'ENTRADA',2,0,2,'Carga inicial desde Excel - Rodamientos y amortiguadores',NULL,1,'2025-12-10 14:07:21'),(153,174,'ENTRADA',2,0,2,'Carga inicial desde Excel - Rodamientos y amortiguadores',NULL,1,'2025-12-10 14:07:21'),(158,175,'ENTRADA',1,0,1,'Carga inicial desde Excel - Sistema de refrigeración',NULL,1,'2025-12-10 14:07:21'),(159,176,'ENTRADA',1,0,1,'Carga inicial desde Excel - Sistema de refrigeración',NULL,1,'2025-12-10 14:07:21'),(161,177,'ENTRADA',1,0,1,'Carga inicial desde Excel - Neumáticos',NULL,1,'2025-12-10 14:13:51'),(162,178,'ENTRADA',1,0,1,'Carga inicial desde Excel - Neumáticos',NULL,1,'2025-12-10 14:13:51'),(164,179,'ENTRADA',4,0,4,'Carga inicial desde Excel - Bujes y suspensión',NULL,1,'2025-12-10 14:13:51'),(165,180,'ENTRADA',8,0,8,'Carga inicial desde Excel - Bujes y suspensión',NULL,1,'2025-12-10 14:13:51'),(166,181,'ENTRADA',8,0,8,'Carga inicial desde Excel - Bujes y suspensión',NULL,1,'2025-12-10 14:13:51'),(167,182,'ENTRADA',2,0,2,'Carga inicial desde Excel - Bujes y suspensión',NULL,1,'2025-12-10 14:13:51'),(168,183,'ENTRADA',1,0,1,'Carga inicial desde Excel - Bujes y suspensión',NULL,1,'2025-12-10 14:13:51'),(169,184,'ENTRADA',2,0,2,'Carga inicial desde Excel - Bujes y suspensión',NULL,1,'2025-12-10 14:13:51'),(170,185,'ENTRADA',1,0,1,'Carga inicial desde Excel - Bujes y suspensión',NULL,1,'2025-12-10 14:13:51'),(171,186,'ENTRADA',2,0,2,'Carga inicial desde Excel - Bujes y suspensión',NULL,1,'2025-12-10 14:13:51'),(172,187,'ENTRADA',2,0,2,'Carga inicial desde Excel - Bujes y suspensión',NULL,1,'2025-12-10 14:13:51'),(173,188,'ENTRADA',1,0,1,'Carga inicial desde Excel - Bujes y suspensión',NULL,1,'2025-12-10 14:13:51'),(179,189,'ENTRADA',1,0,1,'Carga inicial desde Excel - Componentes de motor',NULL,1,'2025-12-10 14:16:46'),(180,190,'ENTRADA',1,0,1,'Carga inicial desde Excel - Componentes de motor',NULL,1,'2025-12-10 14:16:46'),(181,191,'ENTRADA',1,0,1,'Carga inicial desde Excel - Componentes de motor',NULL,1,'2025-12-10 14:16:46'),(182,192,'ENTRADA',1,0,1,'Carga inicial desde Excel - Componentes de motor',NULL,1,'2025-12-10 14:16:46'),(183,193,'ENTRADA',1,0,1,'Carga inicial desde Excel - Componentes de motor',NULL,1,'2025-12-10 14:16:46'),(184,194,'ENTRADA',1,0,1,'Carga inicial desde Excel - Componentes de motor',NULL,1,'2025-12-10 14:16:46'),(185,195,'ENTRADA',1,0,1,'Carga inicial desde Excel - Componentes de motor',NULL,1,'2025-12-10 14:16:46'),(186,196,'ENTRADA',1,0,1,'Carga inicial desde Excel - Componentes de motor',NULL,1,'2025-12-10 14:16:46'),(187,197,'ENTRADA',1,0,1,'Carga inicial desde Excel - Componentes de motor',NULL,1,'2025-12-10 14:16:46'),(188,198,'ENTRADA',1,0,1,'Carga inicial desde Excel - Componentes de motor',NULL,1,'2025-12-10 14:16:46'),(189,199,'ENTRADA',1,0,1,'Carga inicial desde Excel - Componentes de motor',NULL,1,'2025-12-10 14:16:46'),(190,200,'ENTRADA',1,0,1,'Carga inicial desde Excel - Componentes de motor',NULL,1,'2025-12-10 14:16:46'),(191,201,'ENTRADA',1,0,1,'Carga inicial desde Excel - Componentes de motor',NULL,1,'2025-12-10 14:16:46'),(192,202,'ENTRADA',1,0,1,'Carga inicial desde Excel - Componentes de motor',NULL,1,'2025-12-10 14:16:46'),(193,203,'ENTRADA',1,0,1,'Carga inicial desde Excel - Componentes de motor',NULL,1,'2025-12-10 14:16:46'),(194,204,'ENTRADA',1,0,1,'Carga inicial desde Excel - Componentes de motor',NULL,1,'2025-12-10 14:16:46'),(210,205,'ENTRADA',1,0,1,'Carga inicial desde Excel - Transmisiones mecánicas',NULL,1,'2025-12-10 14:16:46'),(211,206,'ENTRADA',2,0,2,'Carga inicial desde Excel - Transmisiones mecánicas',NULL,1,'2025-12-10 14:16:46'),(212,207,'ENTRADA',1,0,1,'Carga inicial desde Excel - Transmisiones mecánicas',NULL,1,'2025-12-10 14:16:46'),(213,208,'ENTRADA',1,0,1,'Carga inicial desde Excel - Transmisiones mecánicas',NULL,1,'2025-12-10 14:16:46'),(214,209,'ENTRADA',1,0,1,'Carga inicial desde Excel - Transmisiones mecánicas',NULL,1,'2025-12-10 14:16:46'),(215,210,'ENTRADA',1,0,1,'Carga inicial desde Excel - Transmisiones mecánicas',NULL,1,'2025-12-10 14:16:46'),(217,211,'ENTRADA',2,0,2,'Carga inicial desde Excel - Cilindros y frenos',NULL,1,'2025-12-10 14:16:46'),(218,212,'ENTRADA',1,0,1,'Carga inicial desde Excel - Cilindros y frenos',NULL,1,'2025-12-10 14:16:46'),(220,213,'ENTRADA',42,0,42,'Carga inicial desde Excel - Chapa y pintura',NULL,1,'2025-12-10 14:20:35'),(221,214,'ENTRADA',2,0,2,'Carga inicial desde Excel - Chapa y pintura',NULL,1,'2025-12-10 14:20:35'),(222,215,'ENTRADA',3,0,3,'Carga inicial desde Excel - Chapa y pintura',NULL,1,'2025-12-10 14:20:35'),(223,216,'ENTRADA',4,0,4,'Carga inicial desde Excel - Chapa y pintura',NULL,1,'2025-12-10 14:20:35'),(224,217,'ENTRADA',1,0,1,'Carga inicial desde Excel - Chapa y pintura',NULL,1,'2025-12-10 14:20:35'),(225,218,'ENTRADA',1,0,1,'Carga inicial desde Excel - Chapa y pintura',NULL,1,'2025-12-10 14:20:35'),(226,219,'ENTRADA',5,0,5,'Carga inicial desde Excel - Chapa y pintura',NULL,1,'2025-12-10 14:20:35'),(227,220,'ENTRADA',2,0,2,'Carga inicial desde Excel - Chapa y pintura',NULL,1,'2025-12-10 14:20:35'),(228,221,'ENTRADA',2,0,2,'Carga inicial desde Excel - Chapa y pintura',NULL,1,'2025-12-10 14:20:35'),(229,222,'ENTRADA',1,0,1,'Carga inicial desde Excel - Chapa y pintura',NULL,1,'2025-12-10 14:20:35'),(230,223,'ENTRADA',1,0,1,'Carga inicial desde Excel - Chapa y pintura',NULL,1,'2025-12-10 14:20:35'),(235,224,'ENTRADA',220,0,220,'Carga inicial desde Excel - Limpieza general',NULL,1,'2025-12-10 14:24:45'),(236,225,'ENTRADA',1,0,1,'Carga inicial desde Excel - Limpieza general',NULL,1,'2025-12-10 14:24:45'),(237,226,'ENTRADA',4,0,4,'Carga inicial desde Excel - Limpieza general',NULL,1,'2025-12-10 14:24:45'),(238,227,'ENTRADA',8,0,8,'Carga inicial desde Excel - Limpieza general',NULL,1,'2025-12-10 14:24:45'),(239,228,'ENTRADA',4,0,4,'Carga inicial desde Excel - Limpieza general',NULL,1,'2025-12-10 14:24:45'),(240,229,'ENTRADA',7,0,7,'Carga inicial desde Excel - Limpieza general',NULL,1,'2025-12-10 14:24:45'),(241,230,'ENTRADA',1,0,1,'Carga inicial desde Excel - Limpieza general',NULL,1,'2025-12-10 14:24:45'),(242,231,'ENTRADA',1,0,1,'Carga inicial desde Excel - Limpieza general',NULL,1,'2025-12-10 14:24:45'),(243,232,'ENTRADA',2,0,2,'Carga inicial desde Excel - Limpieza general',NULL,1,'2025-12-10 14:24:45'),(244,233,'ENTRADA',6,0,6,'Carga inicial desde Excel - Limpieza general',NULL,1,'2025-12-10 14:24:45'),(245,234,'ENTRADA',1,0,1,'Carga inicial desde Excel - Limpieza general',NULL,1,'2025-12-10 14:24:45'),(246,235,'ENTRADA',1,0,1,'Carga inicial desde Excel - Limpieza general',NULL,1,'2025-12-10 14:24:45'),(247,236,'ENTRADA',39,0,39,'Carga inicial desde Excel - Limpieza general',NULL,1,'2025-12-10 14:24:45'),(248,237,'ENTRADA',6,0,6,'Carga inicial desde Excel - Limpieza general',NULL,1,'2025-12-10 14:24:45'),(249,238,'ENTRADA',5,0,5,'Carga inicial desde Excel - Limpieza general',NULL,1,'2025-12-10 14:24:45'),(250,239,'ENTRADA',20,0,20,'Carga inicial desde Excel - Limpieza general',NULL,1,'2025-12-10 14:24:45'),(266,240,'ENTRADA',1,0,1,'Carga inicial desde Excel - Equipos protección',NULL,1,'2025-12-10 14:24:45'),(267,241,'ENTRADA',7,0,7,'Carga inicial desde Excel - Equipos protección',NULL,1,'2025-12-10 14:24:45'),(268,242,'ENTRADA',19,0,19,'Carga inicial desde Excel - Equipos protección',NULL,1,'2025-12-10 14:24:45'),(269,243,'ENTRADA',58,0,58,'Carga inicial desde Excel - Equipos protección',NULL,1,'2025-12-10 14:24:45'),(273,244,'ENTRADA',4,0,4,'Carga inicial desde Excel - Accesorios limpieza',NULL,1,'2025-12-10 14:24:45'),(274,245,'ENTRADA',57,0,57,'Carga inicial desde Excel - Accesorios limpieza',NULL,1,'2025-12-10 14:24:45'),(275,246,'ENTRADA',1,0,1,'Carga inicial desde Excel - Accesorios limpieza',NULL,1,'2025-12-10 14:24:45'),(276,247,'ENTRADA',1,0,1,'Carga inicial desde Excel - Accesorios limpieza',NULL,1,'2025-12-10 14:24:45'),(277,248,'ENTRADA',7,0,7,'Carga inicial desde Excel - Accesorios limpieza',NULL,1,'2025-12-10 14:24:45'),(278,249,'ENTRADA',3,0,3,'Carga inicial desde Excel - Accesorios limpieza',NULL,1,'2025-12-10 14:24:45'),(279,250,'ENTRADA',3,0,3,'Carga inicial desde Excel - Accesorios limpieza',NULL,1,'2025-12-10 14:24:45'),(280,251,'ENTRADA',1,0,1,'Carga inicial desde Excel - Accesorios limpieza',NULL,1,'2025-12-10 14:24:45'),(281,252,'ENTRADA',1,0,1,'Carga inicial desde Excel - Accesorios limpieza',NULL,1,'2025-12-10 14:24:45'),(282,253,'ENTRADA',3,0,3,'Carga inicial desde Excel - Accesorios limpieza',NULL,1,'2025-12-10 14:24:45'),(283,254,'ENTRADA',13,0,13,'Carga inicial desde Excel - Accesorios limpieza',NULL,1,'2025-12-10 14:24:45'),(284,255,'ENTRADA',23,0,23,'Carga inicial desde Excel - Accesorios limpieza',NULL,1,'2025-12-10 14:24:45'),(285,256,'ENTRADA',1,0,1,'Carga inicial desde Excel - Accesorios limpieza',NULL,1,'2025-12-10 14:24:45'),(288,257,'ENTRADA',8,0,8,'Carga inicial desde Excel - Limpieza vehicular',NULL,1,'2025-12-10 14:24:45'),(289,258,'ENTRADA',50,0,50,'Carga inicial desde Excel - Limpieza vehicular',NULL,1,'2025-12-10 14:24:45'),(290,259,'ENTRADA',33,0,33,'Carga inicial desde Excel - Limpieza vehicular',NULL,1,'2025-12-10 14:24:45'),(291,260,'ENTRADA',9,0,9,'Carga inicial desde Excel - Limpieza vehicular',NULL,1,'2025-12-10 14:24:45'),(292,261,'ENTRADA',1,0,1,'Carga inicial desde Excel - Limpieza vehicular',NULL,1,'2025-12-10 14:24:45'),(293,262,'ENTRADA',1,0,1,'Carga inicial desde Excel - Limpieza vehicular',NULL,1,'2025-12-10 14:24:45'),(294,263,'ENTRADA',8,0,8,'Stock inicial',NULL,1,'2025-12-11 19:37:56');
/*!40000 ALTER TABLE `movimientos_inventario` ENABLE KEYS */;
UNLOCK TABLES;

--
-- Table structure for table `reparaciones`
--

DROP TABLE IF EXISTS `reparaciones`;
/*!40101 SET @saved_cs_client     = @@character_set_client */;
/*!50503 SET character_set_client = utf8mb4 */;
CREATE TABLE `reparaciones` (
  `id` int NOT NULL AUTO_INCREMENT,
  `vehiculo_id` int NOT NULL,
  `tecnico_id` int NOT NULL,
  `fecha_recepcion` date NOT NULL,
  `fecha_estimada_entrega` date DEFAULT NULL,
  `fecha_real_entrega` date DEFAULT NULL,
  `descripcion_problema` text COLLATE utf8mb4_unicode_ci NOT NULL,
  `diagnostico` text COLLATE utf8mb4_unicode_ci,
  `estado` enum('RECIBIDO','DIAGNOSTICO','EN_REPARACION','TERMINADO','ENTREGADO') COLLATE utf8mb4_unicode_ci DEFAULT 'RECIBIDO',
  `costo_total` decimal(10,2) DEFAULT '0.00',
  `creado_en` timestamp NULL DEFAULT CURRENT_TIMESTAMP,
  PRIMARY KEY (`id`),
  KEY `vehiculo_id` (`vehiculo_id`),
  KEY `tecnico_id` (`tecnico_id`),
  KEY `idx_reparaciones_estado` (`estado`),
  CONSTRAINT `reparaciones_ibfk_1` FOREIGN KEY (`vehiculo_id`) REFERENCES `vehiculos` (`id`),
  CONSTRAINT `reparaciones_ibfk_2` FOREIGN KEY (`tecnico_id`) REFERENCES `usuarios` (`id`)
) ENGINE=InnoDB AUTO_INCREMENT=11 DEFAULT CHARSET=utf8mb4 COLLATE=utf8mb4_unicode_ci;
/*!40101 SET character_set_client = @saved_cs_client */;

--
-- Dumping data for table `reparaciones`
--

LOCK TABLES `reparaciones` WRITE;
/*!40000 ALTER TABLE `reparaciones` DISABLE KEYS */;
INSERT INTO `reparaciones` VALUES (1,2,1,'2025-12-04','2025-12-12',NULL,'LOIKUJYHTGRFEDWSQA',NULL,'RECIBIDO',0.00,'2025-12-04 13:48:26'),(2,1,4,'2025-12-04','2025-12-12',NULL,'QWERTYUIO','ASDFGHJKL;','RECIBIDO',0.00,'2025-12-04 13:57:08'),(4,3,2,'2025-12-04','2025-12-12',NULL,'QWERTYUIODFGHJKIUYTRF','LKJHGFDSWEDRFGTYH','RECIBIDO',0.00,'2025-12-04 14:01:58'),(5,2,1,'2025-12-04','2025-12-12','2025-12-05','QWERTYUIOP','SDFGHJKL','ENTREGADO',0.00,'2025-12-04 14:04:10'),(6,3,1,'2025-12-04','2025-12-12',NULL,'1234rtyuhtgfdsa','rfedwsqaRFEDWS','DIAGNOSTICO',0.00,'2025-12-04 14:12:06'),(7,2,1,'2025-12-04','2025-12-12','2025-12-05','umjnyhbgfvdcsxa','kiujyhtgrfedwsq','ENTREGADO',999.00,'2025-12-04 14:14:07'),(8,4,1,'2025-12-04','2025-12-15',NULL,'falla de motor','perdida de fuerza','RECIBIDO',0.00,'2025-12-04 21:49:38'),(9,5,2,'2025-12-05','2025-12-18',NULL,'prueba1','asdfghjk','RECIBIDO',121.00,'2025-12-05 15:09:39'),(10,10,8,'2025-12-05','2025-12-25','2025-12-20','FALLA DE FRENO','','ENTREGADO',2000.00,'2025-12-05 21:55:43');
/*!40000 ALTER TABLE `reparaciones` ENABLE KEYS */;
UNLOCK TABLES;

--
-- Table structure for table `reservas`
--

DROP TABLE IF EXISTS `reservas`;
/*!40101 SET @saved_cs_client     = @@character_set_client */;
/*!50503 SET character_set_client = utf8mb4 */;
CREATE TABLE `reservas` (
  `id` int NOT NULL AUTO_INCREMENT,
  `solicitante_id` int NOT NULL,
  `vehiculo_id` int NOT NULL,
  `conductor_id` int DEFAULT NULL,
  `fecha_solicitud` timestamp NULL DEFAULT CURRENT_TIMESTAMP,
  `fecha_reserva` date NOT NULL,
  `hora_inicio` time NOT NULL,
  `hora_fin` time NOT NULL,
  `origen` varchar(200) COLLATE utf8mb4_unicode_ci NOT NULL,
  `destino` varchar(200) COLLATE utf8mb4_unicode_ci NOT NULL,
  `nombre_unidad` varchar(200) COLLATE utf8mb4_unicode_ci NOT NULL DEFAULT 'Sin especificar',
  `motivo` text COLLATE utf8mb4_unicode_ci NOT NULL,
  `estado` enum('PENDIENTE','APROBADA','RECHAZADA','CANCELADA','COMPLETADA') COLLATE utf8mb4_unicode_ci DEFAULT 'PENDIENTE',
  `aprobado_por` int DEFAULT NULL,
  `fecha_aprobacion` timestamp NULL DEFAULT NULL,
  `observaciones` text COLLATE utf8mb4_unicode_ci,
  PRIMARY KEY (`id`),
  KEY `solicitante_id` (`solicitante_id`),
  KEY `vehiculo_id` (`vehiculo_id`),
  KEY `conductor_id` (`conductor_id`),
  KEY `aprobado_por` (`aprobado_por`),
  KEY `idx_reservas_fecha` (`fecha_reserva`),
  KEY `idx_reservas_estado` (`estado`),
  CONSTRAINT `reservas_ibfk_1` FOREIGN KEY (`solicitante_id`) REFERENCES `usuarios` (`id`),
  CONSTRAINT `reservas_ibfk_2` FOREIGN KEY (`vehiculo_id`) REFERENCES `vehiculos` (`id`),
  CONSTRAINT `reservas_ibfk_3` FOREIGN KEY (`conductor_id`) REFERENCES `conductores` (`id`),
  CONSTRAINT `reservas_ibfk_4` FOREIGN KEY (`aprobado_por`) REFERENCES `usuarios` (`id`)
) ENGINE=InnoDB AUTO_INCREMENT=8 DEFAULT CHARSET=utf8mb4 COLLATE=utf8mb4_unicode_ci;
/*!40101 SET character_set_client = @saved_cs_client */;

--
-- Dumping data for table `reservas`
--

LOCK TABLES `reservas` WRITE;
/*!40000 ALTER TABLE `reservas` DISABLE KEYS */;
INSERT INTO `reservas` VALUES (1,1,1,1,'2025-12-03 17:25:28','2025-12-12','12:30:00','15:30:00','','sdfghjkl','Sin especificar','qwertyuio','COMPLETADA',NULL,NULL,'wertyuikjhgfdsa'),(2,9,2,1,'2025-12-03 17:27:19','2025-12-13','12:30:00','15:30:00','','azqwsxedcrfv','Sin especificar','hbtgvrfcedxwsz','APROBADA',NULL,NULL,'ojveunfveunencwdoi'),(3,1,7,3,'2025-12-03 18:14:07','2025-12-06','09:00:00','12:00:00','MOnoblock CEntral','Oficina','Facultad de ciencias puras y naturales ','Prueba automática','COMPLETADA',NULL,NULL,'Creada por test'),(4,1,6,3,'2025-12-05 02:56:25','2025-12-18','08:00:00','17:00:00','MOnoblock CEntral','Cota cota ','Sin especificar','TRaslado de autoridades de la universidad ','PENDIENTE',NULL,NULL,'observaiones'),(6,1,6,1,'2025-12-05 03:12:31','2025-12-25','11:00:00','17:00:00','MOnoblock CEntral','Cota cota ','DIRECCION GERENERAL','traslado de indumentaria navideña ','COMPLETADA',NULL,NULL,'qwertyui'),(7,1,2,4,'2025-12-05 21:47:19','2025-12-06','08:00:00','17:00:00','MOnoblock CEntral','Cota cota ','RECTORADO','TRASLADO DE PERSONAL','COMPLETADA',NULL,NULL,NULL);
/*!40000 ALTER TABLE `reservas` ENABLE KEYS */;
UNLOCK TABLES;

--
-- Table structure for table `roles`
--

DROP TABLE IF EXISTS `roles`;
/*!40101 SET @saved_cs_client     = @@character_set_client */;
/*!50503 SET character_set_client = utf8mb4 */;
CREATE TABLE `roles` (
  `id` int NOT NULL AUTO_INCREMENT,
  `nombre` varchar(50) COLLATE utf8mb4_unicode_ci NOT NULL,
  `descripcion` text COLLATE utf8mb4_unicode_ci,
  `nivel_acceso` tinyint DEFAULT '1',
  `activo` tinyint(1) DEFAULT '1',
  `creado_en` timestamp NULL DEFAULT CURRENT_TIMESTAMP,
  PRIMARY KEY (`id`),
  UNIQUE KEY `nombre` (`nombre`)
) ENGINE=InnoDB AUTO_INCREMENT=5 DEFAULT CHARSET=utf8mb4 COLLATE=utf8mb4_unicode_ci;
/*!40101 SET character_set_client = @saved_cs_client */;

--
-- Dumping data for table `roles`
--

LOCK TABLES `roles` WRITE;
/*!40000 ALTER TABLE `roles` DISABLE KEYS */;
INSERT INTO `roles` VALUES (1,'ADMINISTRADOR','Acceso completo al sistema',4,1,'2025-11-15 23:11:18'),(2,'TECNICO','Gestión de inventarios y reparaciones',3,1,'2025-11-15 23:11:18'),(3,'CONDUCTOR','Operación de vehículos',2,1,'2025-11-15 23:11:18'),(4,'SOLICITANTE','Solicitud de reservas',1,1,'2025-11-15 23:11:18');
/*!40000 ALTER TABLE `roles` ENABLE KEYS */;
UNLOCK TABLES;

--
-- Table structure for table `usuarios`
--

DROP TABLE IF EXISTS `usuarios`;
/*!40101 SET @saved_cs_client     = @@character_set_client */;
/*!50503 SET character_set_client = utf8mb4 */;
CREATE TABLE `usuarios` (
  `id` int NOT NULL AUTO_INCREMENT,
  `email` varchar(100) COLLATE utf8mb4_unicode_ci NOT NULL,
  `password` varchar(255) COLLATE utf8mb4_unicode_ci NOT NULL,
  `nombres` varchar(100) COLLATE utf8mb4_unicode_ci NOT NULL,
  `apellidos` varchar(100) COLLATE utf8mb4_unicode_ci NOT NULL,
  `telefono` varchar(15) COLLATE utf8mb4_unicode_ci DEFAULT NULL,
  `departamento` varchar(100) COLLATE utf8mb4_unicode_ci DEFAULT NULL,
  `rol_id` int NOT NULL,
  `activo` tinyint(1) DEFAULT '1',
  `creado_en` timestamp NULL DEFAULT CURRENT_TIMESTAMP,
  `token_recuperacion` varchar(64) COLLATE utf8mb4_unicode_ci DEFAULT NULL,
  `token_recuperacion_expira` datetime DEFAULT NULL,
  PRIMARY KEY (`id`),
  UNIQUE KEY `email` (`email`),
  KEY `rol_id` (`rol_id`),
  CONSTRAINT `usuarios_ibfk_1` FOREIGN KEY (`rol_id`) REFERENCES `roles` (`id`)
) ENGINE=InnoDB AUTO_INCREMENT=14 DEFAULT CHARSET=utf8mb4 COLLATE=utf8mb4_unicode_ci;
/*!40101 SET character_set_client = @saved_cs_client */;

--
-- Dumping data for table `usuarios`
--

LOCK TABLES `usuarios` WRITE;
/*!40000 ALTER TABLE `usuarios` DISABLE KEYS */;
INSERT INTO `usuarios` VALUES (1,'admin@umsa.edu.bo','$2a$10$ZWfXcFFpXyYgm.TB5foQmOi76kN1EBLT7d55hYb0Iakcs3FSlpsBC','Admin','Sistema',NULL,'TI',1,1,'2025-11-15 23:11:18',NULL,NULL),(2,'tecnico@umsa.edu.bo','$2a$10$ZWfXcFFpXyYgm.TB5foQmOi76kN1EBLT7d55hYb0Iakcs3FSlpsBC','Juan','Técnico',NULL,'Taller',2,1,'2025-11-15 23:11:18',NULL,NULL),(4,'tecnico1@umsa.edu.bo','$2a$12$.KuBoi2u/XXz.eLyAs5uIuMTa0Vx/3UiztFtbO.WwPe3WjLgdjmHS','Carlos','Mendez',NULL,'Taller Mecánico',2,1,'2025-11-16 00:14:51',NULL,NULL),(5,'conductor1@umsa.edu.bo','$2a$12$cVeZkfnMBQP2vHkDr97gVuMKvps.we/C9Br4Y1TFnmu2Y8n5vim1e','Roberto','Gutierrez',NULL,'Transporte',3,1,'2025-11-16 00:14:51',NULL,NULL),(8,'yhorelyharedalvareza@gmail.com','$2a$10$ZQb2ukQOY1KHZXlJVbgd9ec6t5ZT.J7tSOsw6xHcKQ4.zKKtELtXi','Nancy','Alvarez',NULL,NULL,2,1,'2025-11-26 00:15:42','eb5ecfc924891507a3fa161322529f2c696c0eccf8600d1f347a0602e15570f0','2025-12-10 00:05:08'),(9,'yhorel@umsa.edu.bo','$2a$10$nDUkD0qecFONoPrrJ0A.QeKKHrYuVVLfhr3wGP7I3lhLrOFbikT5a','Yhared','Alvarez',NULL,NULL,4,1,'2025-12-03 15:36:55',NULL,NULL),(11,'conductor2@umsa.edu.bo','$2a$10$lev6MKWFq1y3rPmcmG2nB.Il.T73ZZTF7SYWHNogTTFQcLasfiCXG','Jose Luis ','Perales ','71585159','Taller ',3,1,'2025-12-05 02:17:12',NULL,NULL),(12,'dghdf','$2a$10$V8EVD6p.HLGJ43J8XxEAoeBsM/r6HW858POWxz2Z98c3VLY.y/PNm','carlos','valencia','78962223','transportes',3,1,'2025-12-05 21:40:44',NULL,NULL),(13,'ejemplo@umsa.edu.bo','$2a$10$10M2efJIBfI.crMswBYcne/mRrP49ACiu72wLbg9T3chROR23KZzq','Jose','Alpaca','1234789','Facultad de ingienieria ',4,1,'2025-12-10 02:08:22',NULL,NULL);
/*!40000 ALTER TABLE `usuarios` ENABLE KEYS */;
UNLOCK TABLES;

--
-- Table structure for table `vehiculos`
--

DROP TABLE IF EXISTS `vehiculos`;
/*!40101 SET @saved_cs_client     = @@character_set_client */;
/*!50503 SET character_set_client = utf8mb4 */;
CREATE TABLE `vehiculos` (
  `id` int NOT NULL AUTO_INCREMENT,
  `placa` varchar(10) COLLATE utf8mb4_unicode_ci NOT NULL,
  `marca` varchar(50) COLLATE utf8mb4_unicode_ci NOT NULL,
  `modelo` varchar(50) COLLATE utf8mb4_unicode_ci NOT NULL,
  `año` int DEFAULT NULL,
  `color` varchar(30) COLLATE utf8mb4_unicode_ci DEFAULT NULL,
  `capacidad` int NOT NULL,
  `tipo_combustible` enum('GASOLINA','DIESEL','ELECTRICO','HIBRIDO') COLLATE utf8mb4_unicode_ci DEFAULT 'GASOLINA',
  `estado` enum('DISPONIBLE','EN_REPARACION','EN_USO','INACTIVO') COLLATE utf8mb4_unicode_ci DEFAULT 'DISPONIBLE',
  `kilometraje_actual` decimal(10,2) DEFAULT '0.00',
  `creado_en` timestamp NULL DEFAULT CURRENT_TIMESTAMP,
  PRIMARY KEY (`id`),
  UNIQUE KEY `placa` (`placa`),
  KEY `idx_vehiculos_estado` (`estado`)
) ENGINE=InnoDB AUTO_INCREMENT=12 DEFAULT CHARSET=utf8mb4 COLLATE=utf8mb4_unicode_ci;
/*!40101 SET character_set_client = @saved_cs_client */;

--
-- Dumping data for table `vehiculos`
--

LOCK TABLES `vehiculos` WRITE;
/*!40000 ALTER TABLE `vehiculos` DISABLE KEYS */;
INSERT INTO `vehiculos` VALUES (1,'UMSA-001','Toyota','Hiace',2022,'Blanco',15,'GASOLINA','DISPONIBLE',0.00,'2025-11-15 23:11:18'),(2,'UMSA-002','Mercedes','Sprinter',2021,'Azul',20,'GASOLINA','DISPONIBLE',0.00,'2025-11-15 23:11:18'),(3,'UMSA-003','Nissan','Urvan',2020,'Gris',12,'GASOLINA','DISPONIBLE',0.00,'2025-11-15 23:11:18'),(4,'TEST-001','Toyota','Hiace',2023,'Blanco',15,'DIESEL','EN_REPARACION',0.00,'2025-11-16 20:00:09'),(5,'TEST-999','Test','Model',2023,'Verde',10,'GASOLINA','EN_REPARACION',0.00,'2025-11-16 20:02:12'),(6,'ABC-123','Toyota','Hiace',2023,'Blanco',15,'DIESEL','DISPONIBLE',0.00,'2025-11-16 20:20:12'),(7,'XYZ-789','Mercedes-Benz','Sprinter',2024,'Azul',20,'DIESEL','DISPONIBLE',0.00,'2025-11-16 20:20:12'),(10,'abb-910','toyota','land crusser',2010,'azul',7,'GASOLINA','INACTIVO',0.00,'2025-12-05 01:49:17');
/*!40000 ALTER TABLE `vehiculos` ENABLE KEYS */;
UNLOCK TABLES;
/*!40103 SET TIME_ZONE=@OLD_TIME_ZONE */;

/*!40101 SET SQL_MODE=@OLD_SQL_MODE */;
/*!40014 SET FOREIGN_KEY_CHECKS=@OLD_FOREIGN_KEY_CHECKS */;
/*!40014 SET UNIQUE_CHECKS=@OLD_UNIQUE_CHECKS */;
/*!40101 SET CHARACTER_SET_CLIENT=@OLD_CHARACTER_SET_CLIENT */;
/*!40101 SET CHARACTER_SET_RESULTS=@OLD_CHARACTER_SET_RESULTS */;
/*!40101 SET COLLATION_CONNECTION=@OLD_COLLATION_CONNECTION */;
/*!40111 SET SQL_NOTES=@OLD_SQL_NOTES */;

-- Dump completed on 2025-12-14 13:10:22
